[2025-05-30 19:57:32] Force recreation is enabled. Forcing database reinitialization.
[2025-05-30 19:57:32] Database not initialized. Starting initialization process...
[2025-05-30 19:57:32] Successfully created TRIGGER auto_mark_old_notifications_read
[2025-05-30 19:57:32] Successfully created TRIGGER populate_real_time_activity
[2025-05-30 19:57:32] Successfully created PROCEDURE cleanup_old_notifications
[2025-05-30 19:57:32] Successfully created PROCEDURE clear_real_time_activity
[2025-05-30 19:57:33] Initial rooms inserted successfully
[2025-05-30 19:57:33] Database initialization flag created successfully at C:\xampp\htdocs\MedStudy-Space-System/database_initialized.flag
[2025-05-30 19:57:33] Database initialization completed successfully
[2025-05-30 19:57:33] Database initialization completed successfully.
[2025-05-30 19:58:34] Force recreation is enabled. Forcing database reinitialization.
[2025-05-30 19:58:34] Database not initialized. Starting initialization process...
[2025-05-30 19:58:34] Successfully created TRIGGER auto_mark_old_notifications_read
[2025-05-30 19:58:34] Successfully created TRIGGER populate_real_time_activity
[2025-05-30 19:58:34] Successfully created PROCEDURE cleanup_old_notifications
[2025-05-30 19:58:34] Successfully created PROCEDURE clear_real_time_activity
[2025-05-30 19:58:35] Initial rooms inserted successfully
[2025-05-30 19:58:35] Database initialization flag created successfully at C:\xampp\htdocs\MedStudy-Space-System/database_initialized.flag
[2025-05-30 19:58:35] Database initialization completed successfully
[2025-05-30 19:58:35] Database initialization completed successfully.
[2025-05-30 19:59:07] Force recreation is enabled. Forcing database reinitialization.
[2025-05-30 19:59:07] Database not initialized. Starting initialization process...
[2025-05-30 19:59:07] Successfully created TRIGGER auto_mark_old_notifications_read
[2025-05-30 19:59:07] Successfully created TRIGGER populate_real_time_activity
[2025-05-30 19:59:07] Successfully created PROCEDURE cleanup_old_notifications
[2025-05-30 19:59:07] Successfully created PROCEDURE clear_real_time_activity
[2025-05-30 19:59:07] Initial rooms inserted successfully
[2025-05-30 19:59:07] Database initialization flag created successfully at C:\xampp\htdocs\MedStudy-Space-System/database_initialized.flag
[2025-05-30 19:59:07] Database initialization completed successfully
[2025-05-30 19:59:07] Database initialization completed successfully.
[2025-05-30 19:59:26] Force recreation is enabled. Forcing database reinitialization.
[2025-05-30 19:59:26] Database not initialized. Starting initialization process...
[2025-05-30 19:59:26] Successfully created TRIGGER auto_mark_old_notifications_read
[2025-05-30 19:59:26] Successfully created TRIGGER populate_real_time_activity
[2025-05-30 19:59:26] Successfully created PROCEDURE cleanup_old_notifications
[2025-05-30 19:59:26] Successfully created PROCEDURE clear_real_time_activity
[2025-05-30 19:59:26] Initial rooms inserted successfully
[2025-05-30 19:59:26] Database initialization flag created successfully at C:\xampp\htdocs\MedStudy-Space-System/database_initialized.flag
[2025-05-30 19:59:26] Database initialization completed successfully
[2025-05-30 19:59:26] Database initialization completed successfully.
[2025-05-30 20:00:54] Force recreation is enabled. Forcing database reinitialization.
[2025-05-30 20:00:54] Database not initialized. Starting initialization process...
[2025-05-30 20:00:54] Successfully created TRIGGER auto_mark_old_notifications_read
[2025-05-30 20:00:54] Successfully created TRIGGER populate_real_time_activity
[2025-05-30 20:00:54] Successfully created PROCEDURE cleanup_old_notifications
[2025-05-30 20:00:54] Successfully created PROCEDURE clear_real_time_activity
[2025-05-30 20:00:55] Initial rooms inserted successfully
[2025-05-30 20:00:55] Database initialization flag created successfully at C:\xampp\htdocs\MedStudy-Space-System/database_initialized.flag
[2025-05-30 20:00:55] Database initialization completed successfully
[2025-05-30 20:00:55] Database initialization completed successfully.
[2025-05-30 20:01:53] Force recreation is enabled. Forcing database reinitialization.
[2025-05-30 20:01:53] Database not initialized. Starting initialization process...
[2025-05-30 20:01:53] Successfully created TRIGGER auto_mark_old_notifications_read
[2025-05-30 20:01:53] Successfully created TRIGGER populate_real_time_activity
[2025-05-30 20:01:53] Successfully created PROCEDURE cleanup_old_notifications
[2025-05-30 20:01:53] Successfully created PROCEDURE clear_real_time_activity
[2025-05-30 20:01:53] Initial rooms inserted successfully
[2025-05-30 20:01:53] Database initialization flag created successfully at C:\xampp\htdocs\MedStudy-Space-System/database_initialized.flag
[2025-05-30 20:01:53] Database initialization completed successfully
[2025-05-30 20:01:53] Database initialization completed successfully.
[2025-05-30 20:01:59] Force recreation is enabled. Forcing database reinitialization.
[2025-05-30 20:01:59] Database not initialized. Starting initialization process...
[2025-05-30 20:01:59] Successfully created TRIGGER auto_mark_old_notifications_read
[2025-05-30 20:01:59] Successfully created TRIGGER populate_real_time_activity
[2025-05-30 20:01:59] Successfully created PROCEDURE cleanup_old_notifications
[2025-05-30 20:01:59] Successfully created PROCEDURE clear_real_time_activity
[2025-05-30 20:01:59] Initial rooms inserted successfully
[2025-05-30 20:01:59] Database initialization flag created successfully at C:\xampp\htdocs\MedStudy-Space-System/database_initialized.flag
[2025-05-30 20:01:59] Database initialization completed successfully
[2025-05-30 20:01:59] Database initialization completed successfully.
[2025-05-30 20:17:57] Force recreation is enabled. Forcing database reinitialization.
[2025-05-30 20:17:57] Database not initialized. Starting initialization process...
[2025-05-30 20:17:57] Successfully created TRIGGER auto_mark_old_notifications_read
[2025-05-30 20:17:57] Successfully created TRIGGER populate_real_time_activity
[2025-05-30 20:17:57] Successfully created PROCEDURE cleanup_old_notifications
[2025-05-30 20:17:57] Successfully created PROCEDURE clear_real_time_activity
[2025-05-30 20:17:57] Initial rooms inserted successfully
[2025-05-30 20:17:57] Database initialization flag created successfully at C:\xampp\htdocs\MedStudy-Space-System/database_initialized.flag
[2025-05-30 20:17:57] Database initialization completed successfully
[2025-05-30 20:17:57] Database initialization completed successfully.
[2025-05-30 20:18:11] Force recreation is enabled. Forcing database reinitialization.
[2025-05-30 20:18:11] Database not initialized. Starting initialization process...
[2025-05-30 20:18:11] Successfully created TRIGGER auto_mark_old_notifications_read
[2025-05-30 20:18:11] Successfully created TRIGGER populate_real_time_activity
[2025-05-30 20:18:11] Successfully created PROCEDURE cleanup_old_notifications
[2025-05-30 20:18:11] Successfully created PROCEDURE clear_real_time_activity
[2025-05-30 20:18:12] Initial admin account created successfully
[2025-05-30 20:18:12] Initial rooms inserted successfully
[2025-05-30 20:18:12] Database initialization flag created successfully at C:\xampp\htdocs\MedStudy-Space-System/database_initialized.flag
[2025-05-30 20:18:12] Database initialization completed successfully
[2025-05-30 20:18:12] Database initialization completed successfully.
[2025-05-30 20:23:19] Force recreation is enabled. Forcing database reinitialization.
[2025-05-30 20:23:19] Database not initialized. Starting initialization process...
[2025-05-30 20:23:20] Successfully created TRIGGER auto_mark_old_notifications_read
[2025-05-30 20:23:20] Successfully created TRIGGER populate_real_time_activity
[2025-05-30 20:23:20] Successfully created PROCEDURE cleanup_old_notifications
[2025-05-30 20:23:20] Successfully created PROCEDURE clear_real_time_activity
[2025-05-30 20:23:20] Initial admin account created successfully
[2025-05-30 20:23:20] Skipped initial rooms insertion
[2025-05-30 20:23:20] Database initialization flag created successfully at C:\xampp\htdocs\MedStudy-Space-System/database_initialized.flag
[2025-05-30 20:23:20] Database initialization completed successfully
[2025-05-30 20:23:20] Database initialization completed successfully.
[2025-05-30 20:25:51] Force recreation is enabled. Forcing database reinitialization.
[2025-05-30 20:25:51] Database not initialized. Starting initialization process...
[2025-05-30 20:25:51] Successfully created TRIGGER auto_mark_old_notifications_read
[2025-05-30 20:25:51] Successfully created TRIGGER populate_real_time_activity
[2025-05-30 20:25:51] Successfully created PROCEDURE cleanup_old_notifications
[2025-05-30 20:25:51] Successfully created PROCEDURE clear_real_time_activity
[2025-05-30 20:25:51] Skipped initial admin account insertion
[2025-05-30 20:25:51] Skipped initial rooms insertion
[2025-05-30 20:25:51] Database initialization flag created successfully at C:\xampp\htdocs\MedStudy-Space-System/database_initialized.flag
[2025-05-30 20:25:51] Database initialization completed successfully
[2025-05-30 20:25:51] Database initialization completed successfully.
[2025-05-30 20:26:10] Force recreation is enabled. Forcing database reinitialization.
[2025-05-30 20:26:10] Database not initialized. Starting initialization process...
[2025-05-30 20:26:10] Successfully created TRIGGER auto_mark_old_notifications_read
[2025-05-30 20:26:10] Successfully created TRIGGER populate_real_time_activity
[2025-05-30 20:26:10] Successfully created PROCEDURE cleanup_old_notifications
[2025-05-30 20:26:10] Successfully created PROCEDURE clear_real_time_activity
[2025-05-30 20:26:10] Skipped initial admin account insertion
[2025-05-30 20:26:10] Skipped initial rooms insertion
[2025-05-30 20:26:10] Database initialization flag created successfully at C:\xampp\htdocs\MedStudy-Space-System/database_initialized.flag
[2025-05-30 20:26:10] Database initialization completed successfully
[2025-05-30 20:26:10] Database initialization completed successfully.
[2025-05-30 20:28:59] Force recreation is enabled. Forcing database reinitialization.
[2025-05-30 20:28:59] Database not initialized. Starting initialization process...
[2025-05-30 20:28:59] Successfully created TRIGGER auto_mark_old_notifications_read
[2025-05-30 20:28:59] Successfully created TRIGGER populate_real_time_activity
[2025-05-30 20:28:59] Successfully created PROCEDURE cleanup_old_notifications
[2025-05-30 20:28:59] Successfully created PROCEDURE clear_real_time_activity
[2025-05-30 20:28:59] Skipped initial admin account insertion
[2025-05-30 20:28:59] Skipped initial rooms insertion
[2025-05-30 20:28:59] Database initialization flag created successfully at C:\xampp\htdocs\MedStudy-Space-System/database_initialized.flag
[2025-05-30 20:28:59] Database initialization completed successfully
[2025-05-30 20:28:59] Database initialization completed successfully.
[2025-05-31 05:15:49] Force recreation is enabled. Forcing database reinitialization.
[2025-05-31 05:15:49] Database not initialized. Starting initialization process...
[2025-05-31 05:15:49] Successfully created TRIGGER auto_mark_old_notifications_read
[2025-05-31 05:15:49] Successfully created TRIGGER populate_real_time_activity
[2025-05-31 05:15:49] Successfully created PROCEDURE cleanup_old_notifications
[2025-05-31 05:15:49] Successfully created PROCEDURE clear_real_time_activity
[2025-05-31 05:15:49] Skipped initial admin account insertion
[2025-05-31 05:15:49] Skipped initial rooms insertion
[2025-05-31 05:15:49] Database initialization flag created successfully at C:\xampp\htdocs\MedStudy-Space-System/database_initialized.flag
[2025-05-31 05:15:49] Database initialization completed successfully
[2025-05-31 05:15:49] Database initialization completed successfully.
[2025-05-31 05:17:45] Force recreation is enabled. Forcing database reinitialization.
[2025-05-31 05:17:45] Database not initialized. Starting initialization process...
[2025-05-31 05:17:45] Successfully created TRIGGER auto_mark_old_notifications_read
[2025-05-31 05:17:45] Successfully created TRIGGER populate_real_time_activity
[2025-05-31 05:17:45] Successfully created PROCEDURE cleanup_old_notifications
[2025-05-31 05:17:45] Successfully created PROCEDURE clear_real_time_activity
[2025-05-31 05:17:45] Skipped initial admin account insertion
[2025-05-31 05:17:45] Skipped initial rooms insertion
[2025-05-31 05:17:45] Database initialization flag created successfully at C:\xampp\htdocs\MedStudy-Space-System/database_initialized.flag
[2025-05-31 05:17:45] Database initialization completed successfully
[2025-05-31 05:17:45] Database initialization completed successfully.
[2025-05-31 05:35:39] Force recreation is enabled. Forcing database reinitialization.
[2025-05-31 05:35:39] Database not initialized. Starting initialization process...
[2025-05-31 05:35:39] Successfully created TRIGGER auto_mark_old_notifications_read
[2025-05-31 05:35:39] Successfully created TRIGGER populate_real_time_activity
[2025-05-31 05:35:39] Successfully created TRIGGER notify_booking_success
[2025-05-31 05:35:39] Successfully created TRIGGER notify_booking_cancelled_by_student
[2025-05-31 05:35:39] Successfully created TRIGGER notify_booking_cancelled_by_admin
[2025-05-31 05:35:39] Successfully created TRIGGER notify_booking_no_show
[2025-05-31 05:35:39] Successfully created PROCEDURE cleanup_old_notifications
[2025-05-31 05:35:39] Successfully created PROCEDURE clear_real_time_activity
[2025-05-31 05:35:39] Skipped initial admin account insertion
[2025-05-31 05:35:39] Skipped initial rooms insertion
[2025-05-31 05:35:39] Database initialization flag created successfully at C:\xampp\htdocs\MedStudy-Space-System/database_initialized.flag
[2025-05-31 05:35:39] Database initialization completed successfully
[2025-05-31 05:35:39] Database initialization completed successfully.
[2025-05-31 05:36:03] Force recreation is enabled. Forcing database reinitialization.
[2025-05-31 05:36:03] Database not initialized. Starting initialization process...
[2025-05-31 05:36:03] Successfully created TRIGGER auto_mark_old_notifications_read
[2025-05-31 05:36:03] Successfully created TRIGGER populate_real_time_activity
[2025-05-31 05:36:03] Successfully created TRIGGER notify_booking_success
[2025-05-31 05:36:03] Successfully created TRIGGER notify_booking_cancelled_by_student
[2025-05-31 05:36:03] Successfully created TRIGGER notify_booking_cancelled_by_admin
[2025-05-31 05:36:03] Successfully created TRIGGER notify_booking_no_show
[2025-05-31 05:36:03] Successfully created PROCEDURE cleanup_old_notifications
[2025-05-31 05:36:03] Successfully created PROCEDURE clear_real_time_activity
[2025-05-31 05:36:03] Skipped initial admin account insertion
[2025-05-31 05:36:03] Skipped initial rooms insertion
[2025-05-31 05:36:03] Database initialization flag created successfully at C:\xampp\htdocs\MedStudy-Space-System/database_initialized.flag
[2025-05-31 05:36:03] Database initialization completed successfully
[2025-05-31 05:36:03] Database initialization completed successfully.
[2025-05-31 05:44:23] Force recreation is enabled. Forcing database reinitialization.
[2025-05-31 05:44:23] Database not initialized. Starting initialization process...
[2025-05-31 05:44:24] Exception creating TRIGGER auto_mark_old_notifications_read: Explicit or implicit commit is not allowed in stored function or trigger
[2025-05-31 05:44:24] Problematic SQL: CREATE TRIGGER auto_mark_old_notifications_read
BEFORE INSERT ON user_notifications
FOR EACH ROW
BEGIN
    -- Use a separate transaction to mark old notifications
    START TRANSACTION;
    
    UPDATE user_notifications 
    SET is_read = TRUE 
    WHERE user_id = NEW.user_id 
      AND is_read = FALSE 
      AND created_at < DATE_SUB(CURRENT_TIMESTAMP, INTERVAL 30 DAY)
    LIMIT 100;  -- Limit to prevent long-running updates
    
    COMMIT;
END;
[2025-05-31 05:44:24] Failed to create trigger: auto_mark_old_notifications_read
[2025-05-31 05:44:24] Exception creating TRIGGER populate_real_time_activity: Explicit or implicit commit is not allowed in stored function or trigger
[2025-05-31 05:44:24] Problematic SQL: CREATE TRIGGER populate_real_time_activity 
AFTER INSERT ON user_notifications
FOR EACH ROW
BEGIN
    -- Use a separate transaction to insert real-time activity
    START TRANSACTION;
    
    INSERT INTO real_time_activity (
        notification_id, 
        user_id, 
        type, 
        message, 
        room_name
    )
    SELECT 
        NEW.notification_id,
        NEW.user_id,
        NEW.type,
        NEW.message,
        (
            SELECT room_name 
            FROM rooms r
            JOIN booking b ON b.room_id = r.room_id
            WHERE b.book_id = NEW.booking_id
            LIMIT 1
        )
    ON DUPLICATE KEY UPDATE 
        type = NEW.type,
        message = NEW.message;
    
    COMMIT;
END;
[2025-05-31 05:44:24] Failed to create trigger: populate_real_time_activity
[2025-05-31 05:44:24] Successfully created TRIGGER notify_booking_success
[2025-05-31 05:44:24] Successfully created TRIGGER notify_booking_cancelled_by_student
[2025-05-31 05:44:24] Successfully created TRIGGER notify_booking_cancelled_by_admin
[2025-05-31 05:44:24] Successfully created TRIGGER notify_booking_no_show
[2025-05-31 05:44:24] Successfully created PROCEDURE cleanup_old_notifications
[2025-05-31 05:44:24] Successfully created PROCEDURE clear_real_time_activity
[2025-05-31 05:44:24] Skipped initial admin account insertion
[2025-05-31 05:44:24] Skipped initial rooms insertion
[2025-05-31 05:44:24] Database initialization flag created successfully at C:\xampp\htdocs\MedStudy-Space-System/database_initialized.flag
[2025-05-31 05:44:24] Some triggers failed to create. Check previous log entries.
[2025-05-31 05:44:24] Database initialization completed successfully
[2025-05-31 05:44:24] Database initialization completed successfully.
[2025-05-31 05:44:47] Force recreation is enabled. Forcing database reinitialization.
[2025-05-31 05:44:47] Database not initialized. Starting initialization process...
[2025-05-31 05:44:47] Exception creating TRIGGER auto_mark_old_notifications_read: Explicit or implicit commit is not allowed in stored function or trigger
[2025-05-31 05:44:47] Problematic SQL: CREATE TRIGGER auto_mark_old_notifications_read
BEFORE INSERT ON user_notifications
FOR EACH ROW
BEGIN
    -- Use a separate transaction to mark old notifications
    START TRANSACTION;
    
    UPDATE user_notifications 
    SET is_read = TRUE 
    WHERE user_id = NEW.user_id 
      AND is_read = FALSE 
      AND created_at < DATE_SUB(CURRENT_TIMESTAMP, INTERVAL 30 DAY)
    LIMIT 100;  -- Limit to prevent long-running updates
    
    COMMIT;
END;
[2025-05-31 05:44:47] Failed to create trigger: auto_mark_old_notifications_read
[2025-05-31 05:44:47] Exception creating TRIGGER populate_real_time_activity: Explicit or implicit commit is not allowed in stored function or trigger
[2025-05-31 05:44:47] Problematic SQL: CREATE TRIGGER populate_real_time_activity 
AFTER INSERT ON user_notifications
FOR EACH ROW
BEGIN
    -- Use a separate transaction to insert real-time activity
    START TRANSACTION;
    
    INSERT INTO real_time_activity (
        notification_id, 
        user_id, 
        type, 
        message, 
        room_name
    )
    SELECT 
        NEW.notification_id,
        NEW.user_id,
        NEW.type,
        NEW.message,
        (
            SELECT room_name 
            FROM rooms r
            JOIN booking b ON b.room_id = r.room_id
            WHERE b.book_id = NEW.booking_id
            LIMIT 1
        )
    ON DUPLICATE KEY UPDATE 
        type = NEW.type,
        message = NEW.message;
    
    COMMIT;
END;
[2025-05-31 05:44:47] Failed to create trigger: populate_real_time_activity
[2025-05-31 05:44:47] Successfully created TRIGGER notify_booking_success
[2025-05-31 05:44:47] Successfully created TRIGGER notify_booking_cancelled_by_student
[2025-05-31 05:44:47] Successfully created TRIGGER notify_booking_cancelled_by_admin
[2025-05-31 05:44:47] Successfully created TRIGGER notify_booking_no_show
[2025-05-31 05:44:47] Successfully created PROCEDURE cleanup_old_notifications
[2025-05-31 05:44:47] Successfully created PROCEDURE clear_real_time_activity
[2025-05-31 05:44:47] Skipped initial admin account insertion
[2025-05-31 05:44:47] Skipped initial rooms insertion
[2025-05-31 05:44:47] Database initialization flag created successfully at C:\xampp\htdocs\MedStudy-Space-System/database_initialized.flag
[2025-05-31 05:44:47] Some triggers failed to create. Check previous log entries.
[2025-05-31 05:44:47] Database initialization completed successfully
[2025-05-31 05:44:47] Database initialization completed successfully.
[2025-05-31 05:45:36] Force recreation is enabled. Forcing database reinitialization.
[2025-05-31 05:45:36] Database not initialized. Starting initialization process...
[2025-05-31 05:45:36] Exception creating TRIGGER auto_mark_old_notifications_read: Explicit or implicit commit is not allowed in stored function or trigger
[2025-05-31 05:45:36] Problematic SQL: CREATE TRIGGER auto_mark_old_notifications_read
BEFORE INSERT ON user_notifications
FOR EACH ROW
BEGIN
    -- Use a separate transaction to mark old notifications
    START TRANSACTION;
    
    UPDATE user_notifications 
    SET is_read = TRUE 
    WHERE user_id = NEW.user_id 
      AND is_read = FALSE 
      AND created_at < DATE_SUB(CURRENT_TIMESTAMP, INTERVAL 30 DAY)
    LIMIT 100;  -- Limit to prevent long-running updates
    
    COMMIT;
END;
[2025-05-31 05:45:36] Failed to create trigger: auto_mark_old_notifications_read
[2025-05-31 05:45:36] Exception creating TRIGGER populate_real_time_activity: Explicit or implicit commit is not allowed in stored function or trigger
[2025-05-31 05:45:36] Problematic SQL: CREATE TRIGGER populate_real_time_activity 
AFTER INSERT ON user_notifications
FOR EACH ROW
BEGIN
    -- Use a separate transaction to insert real-time activity
    START TRANSACTION;
    
    INSERT INTO real_time_activity (
        notification_id, 
        user_id, 
        type, 
        message, 
        room_name
    )
    SELECT 
        NEW.notification_id,
        NEW.user_id,
        NEW.type,
        NEW.message,
        (
            SELECT room_name 
            FROM rooms r
            JOIN booking b ON b.room_id = r.room_id
            WHERE b.book_id = NEW.booking_id
            LIMIT 1
        )
    ON DUPLICATE KEY UPDATE 
        type = NEW.type,
        message = NEW.message;
    
    COMMIT;
END;
[2025-05-31 05:45:36] Failed to create trigger: populate_real_time_activity
[2025-05-31 05:45:36] Successfully created TRIGGER notify_booking_success
[2025-05-31 05:45:36] Successfully created TRIGGER notify_booking_cancelled_by_student
[2025-05-31 05:45:36] Successfully created TRIGGER notify_booking_cancelled_by_admin
[2025-05-31 05:45:36] Successfully created TRIGGER notify_booking_no_show
[2025-05-31 05:45:36] Successfully created PROCEDURE cleanup_old_notifications
[2025-05-31 05:45:36] Successfully created PROCEDURE clear_real_time_activity
[2025-05-31 05:45:36] Skipped initial admin account insertion
[2025-05-31 05:45:36] Skipped initial rooms insertion
[2025-05-31 05:45:36] Database initialization flag created successfully at C:\xampp\htdocs\MedStudy-Space-System/database_initialized.flag
[2025-05-31 05:45:36] Some triggers failed to create. Check previous log entries.
[2025-05-31 05:45:36] Database initialization completed successfully
[2025-05-31 05:45:36] Database initialization completed successfully.
[2025-05-31 05:46:08] Force recreation is enabled. Forcing database reinitialization.
[2025-05-31 05:46:08] Database not initialized. Starting initialization process...
[2025-05-31 05:46:08] Exception creating TRIGGER auto_mark_old_notifications_read: Explicit or implicit commit is not allowed in stored function or trigger
[2025-05-31 05:46:08] Problematic SQL: CREATE TRIGGER auto_mark_old_notifications_read
BEFORE INSERT ON user_notifications
FOR EACH ROW
BEGIN
    -- Use a separate transaction to mark old notifications
    START TRANSACTION;
    
    UPDATE user_notifications 
    SET is_read = TRUE 
    WHERE user_id = NEW.user_id 
      AND is_read = FALSE 
      AND created_at < DATE_SUB(CURRENT_TIMESTAMP, INTERVAL 30 DAY)
    LIMIT 100;  -- Limit to prevent long-running updates
    
    COMMIT;
END;
[2025-05-31 05:46:08] Failed to create trigger: auto_mark_old_notifications_read
[2025-05-31 05:46:08] Exception creating TRIGGER populate_real_time_activity: Explicit or implicit commit is not allowed in stored function or trigger
[2025-05-31 05:46:08] Problematic SQL: CREATE TRIGGER populate_real_time_activity 
AFTER INSERT ON user_notifications
FOR EACH ROW
BEGIN
    -- Use a separate transaction to insert real-time activity
    START TRANSACTION;
    
    INSERT INTO real_time_activity (
        notification_id, 
        user_id, 
        type, 
        message, 
        room_name
    )
    SELECT 
        NEW.notification_id,
        NEW.user_id,
        NEW.type,
        NEW.message,
        (
            SELECT room_name 
            FROM rooms r
            JOIN booking b ON b.room_id = r.room_id
            WHERE b.book_id = NEW.booking_id
            LIMIT 1
        )
    ON DUPLICATE KEY UPDATE 
        type = NEW.type,
        message = NEW.message;
    
    COMMIT;
END;
[2025-05-31 05:46:08] Failed to create trigger: populate_real_time_activity
[2025-05-31 05:46:08] Successfully created TRIGGER notify_booking_success
[2025-05-31 05:46:08] Successfully created TRIGGER notify_booking_cancelled_by_student
[2025-05-31 05:46:08] Successfully created TRIGGER notify_booking_cancelled_by_admin
[2025-05-31 05:46:08] Successfully created TRIGGER notify_booking_no_show
[2025-05-31 05:46:08] Successfully created PROCEDURE cleanup_old_notifications
[2025-05-31 05:46:08] Successfully created PROCEDURE clear_real_time_activity
[2025-05-31 05:46:08] Skipped initial admin account insertion
[2025-05-31 05:46:08] Skipped initial rooms insertion
[2025-05-31 05:46:08] Database initialization flag created successfully at C:\xampp\htdocs\MedStudy-Space-System/database_initialized.flag
[2025-05-31 05:46:08] Some triggers failed to create. Check previous log entries.
[2025-05-31 05:46:08] Database initialization completed successfully
[2025-05-31 05:46:08] Database initialization completed successfully.
[2025-05-31 05:46:15] Force recreation is enabled. Forcing database reinitialization.
[2025-05-31 05:46:15] Database not initialized. Starting initialization process...
[2025-05-31 05:46:15] Exception creating TRIGGER auto_mark_old_notifications_read: Explicit or implicit commit is not allowed in stored function or trigger
[2025-05-31 05:46:15] Problematic SQL: CREATE TRIGGER auto_mark_old_notifications_read
BEFORE INSERT ON user_notifications
FOR EACH ROW
BEGIN
    -- Use a separate transaction to mark old notifications
    START TRANSACTION;
    
    UPDATE user_notifications 
    SET is_read = TRUE 
    WHERE user_id = NEW.user_id 
      AND is_read = FALSE 
      AND created_at < DATE_SUB(CURRENT_TIMESTAMP, INTERVAL 30 DAY)
    LIMIT 100;  -- Limit to prevent long-running updates
    
    COMMIT;
END;
[2025-05-31 05:46:15] Failed to create trigger: auto_mark_old_notifications_read
[2025-05-31 05:46:15] Exception creating TRIGGER populate_real_time_activity: Explicit or implicit commit is not allowed in stored function or trigger
[2025-05-31 05:46:15] Problematic SQL: CREATE TRIGGER populate_real_time_activity 
AFTER INSERT ON user_notifications
FOR EACH ROW
BEGIN
    -- Use a separate transaction to insert real-time activity
    START TRANSACTION;
    
    INSERT INTO real_time_activity (
        notification_id, 
        user_id, 
        type, 
        message, 
        room_name
    )
    SELECT 
        NEW.notification_id,
        NEW.user_id,
        NEW.type,
        NEW.message,
        (
            SELECT room_name 
            FROM rooms r
            JOIN booking b ON b.room_id = r.room_id
            WHERE b.book_id = NEW.booking_id
            LIMIT 1
        )
    ON DUPLICATE KEY UPDATE 
        type = NEW.type,
        message = NEW.message;
    
    COMMIT;
END;
[2025-05-31 05:46:15] Failed to create trigger: populate_real_time_activity
[2025-05-31 05:46:15] Successfully created TRIGGER notify_booking_success
[2025-05-31 05:46:15] Successfully created TRIGGER notify_booking_cancelled_by_student
[2025-05-31 05:46:15] Successfully created TRIGGER notify_booking_cancelled_by_admin
[2025-05-31 05:46:15] Successfully created TRIGGER notify_booking_no_show
[2025-05-31 05:46:15] Successfully created PROCEDURE cleanup_old_notifications
[2025-05-31 05:46:15] Successfully created PROCEDURE clear_real_time_activity
[2025-05-31 05:46:15] Skipped initial admin account insertion
[2025-05-31 05:46:15] Skipped initial rooms insertion
[2025-05-31 05:46:15] Database initialization flag created successfully at C:\xampp\htdocs\MedStudy-Space-System/database_initialized.flag
[2025-05-31 05:46:15] Some triggers failed to create. Check previous log entries.
[2025-05-31 05:46:15] Database initialization completed successfully
[2025-05-31 05:46:15] Database initialization completed successfully.
[2025-05-31 05:46:37] Force recreation is enabled. Forcing database reinitialization.
[2025-05-31 05:46:37] Database not initialized. Starting initialization process...
[2025-05-31 05:46:37] Exception creating TRIGGER auto_mark_old_notifications_read: Explicit or implicit commit is not allowed in stored function or trigger
[2025-05-31 05:46:37] Problematic SQL: CREATE TRIGGER auto_mark_old_notifications_read
BEFORE INSERT ON user_notifications
FOR EACH ROW
BEGIN
    -- Use a separate transaction to mark old notifications
    START TRANSACTION;
    
    UPDATE user_notifications 
    SET is_read = TRUE 
    WHERE user_id = NEW.user_id 
      AND is_read = FALSE 
      AND created_at < DATE_SUB(CURRENT_TIMESTAMP, INTERVAL 30 DAY)
    LIMIT 100;  -- Limit to prevent long-running updates
    
    COMMIT;
END;
[2025-05-31 05:46:37] Failed to create trigger: auto_mark_old_notifications_read
[2025-05-31 05:46:37] Exception creating TRIGGER populate_real_time_activity: Explicit or implicit commit is not allowed in stored function or trigger
[2025-05-31 05:46:37] Problematic SQL: CREATE TRIGGER populate_real_time_activity 
AFTER INSERT ON user_notifications
FOR EACH ROW
BEGIN
    -- Use a separate transaction to insert real-time activity
    START TRANSACTION;
    
    INSERT INTO real_time_activity (
        notification_id, 
        user_id, 
        type, 
        message, 
        room_name
    )
    SELECT 
        NEW.notification_id,
        NEW.user_id,
        NEW.type,
        NEW.message,
        (
            SELECT room_name 
            FROM rooms r
            JOIN booking b ON b.room_id = r.room_id
            WHERE b.book_id = NEW.booking_id
            LIMIT 1
        )
    ON DUPLICATE KEY UPDATE 
        type = NEW.type,
        message = NEW.message;
    
    COMMIT;
END;
[2025-05-31 05:46:37] Failed to create trigger: populate_real_time_activity
[2025-05-31 05:46:37] Successfully created TRIGGER notify_booking_success
[2025-05-31 05:46:37] Successfully created TRIGGER notify_booking_cancelled_by_student
[2025-05-31 05:46:37] Successfully created TRIGGER notify_booking_cancelled_by_admin
[2025-05-31 05:46:37] Successfully created TRIGGER notify_booking_no_show
[2025-05-31 05:46:37] Successfully created PROCEDURE cleanup_old_notifications
[2025-05-31 05:46:37] Successfully created PROCEDURE clear_real_time_activity
[2025-05-31 05:46:37] Skipped initial admin account insertion
[2025-05-31 05:46:37] Skipped initial rooms insertion
[2025-05-31 05:46:37] Database initialization flag created successfully at C:\xampp\htdocs\MedStudy-Space-System/database_initialized.flag
[2025-05-31 05:46:37] Some triggers failed to create. Check previous log entries.
[2025-05-31 05:46:37] Database initialization completed successfully
[2025-05-31 05:46:37] Database initialization completed successfully.
[2025-05-31 05:46:53] Force recreation is enabled. Forcing database reinitialization.
[2025-05-31 05:46:53] Database not initialized. Starting initialization process...
[2025-05-31 05:46:53] Exception creating TRIGGER auto_mark_old_notifications_read: Explicit or implicit commit is not allowed in stored function or trigger
[2025-05-31 05:46:53] Problematic SQL: CREATE TRIGGER auto_mark_old_notifications_read
BEFORE INSERT ON user_notifications
FOR EACH ROW
BEGIN
    -- Use a separate transaction to mark old notifications
    START TRANSACTION;
    
    UPDATE user_notifications 
    SET is_read = TRUE 
    WHERE user_id = NEW.user_id 
      AND is_read = FALSE 
      AND created_at < DATE_SUB(CURRENT_TIMESTAMP, INTERVAL 30 DAY)
    LIMIT 100;  -- Limit to prevent long-running updates
    
    COMMIT;
END;
[2025-05-31 05:46:53] Failed to create trigger: auto_mark_old_notifications_read
[2025-05-31 05:46:53] Exception creating TRIGGER populate_real_time_activity: Explicit or implicit commit is not allowed in stored function or trigger
[2025-05-31 05:46:53] Problematic SQL: CREATE TRIGGER populate_real_time_activity 
AFTER INSERT ON user_notifications
FOR EACH ROW
BEGIN
    -- Use a separate transaction to insert real-time activity
    START TRANSACTION;
    
    INSERT INTO real_time_activity (
        notification_id, 
        user_id, 
        type, 
        message, 
        room_name
    )
    SELECT 
        NEW.notification_id,
        NEW.user_id,
        NEW.type,
        NEW.message,
        (
            SELECT room_name 
            FROM rooms r
            JOIN booking b ON b.room_id = r.room_id
            WHERE b.book_id = NEW.booking_id
            LIMIT 1
        )
    ON DUPLICATE KEY UPDATE 
        type = NEW.type,
        message = NEW.message;
    
    COMMIT;
END;
[2025-05-31 05:46:53] Failed to create trigger: populate_real_time_activity
[2025-05-31 05:46:53] Successfully created TRIGGER notify_booking_success
[2025-05-31 05:46:53] Successfully created TRIGGER notify_booking_cancelled_by_student
[2025-05-31 05:46:53] Successfully created TRIGGER notify_booking_cancelled_by_admin
[2025-05-31 05:46:54] Successfully created TRIGGER notify_booking_no_show
[2025-05-31 05:46:54] Successfully created PROCEDURE cleanup_old_notifications
[2025-05-31 05:46:54] Successfully created PROCEDURE clear_real_time_activity
[2025-05-31 05:46:54] Skipped initial admin account insertion
[2025-05-31 05:46:54] Skipped initial rooms insertion
[2025-05-31 05:46:54] Database initialization flag created successfully at C:\xampp\htdocs\MedStudy-Space-System/database_initialized.flag
[2025-05-31 05:46:54] Some triggers failed to create. Check previous log entries.
[2025-05-31 05:46:54] Database initialization completed successfully
[2025-05-31 05:46:54] Database initialization completed successfully.
[2025-05-31 05:47:04] Force recreation is enabled. Forcing database reinitialization.
[2025-05-31 05:47:04] Database not initialized. Starting initialization process...
[2025-05-31 05:47:04] Exception creating TRIGGER auto_mark_old_notifications_read: Explicit or implicit commit is not allowed in stored function or trigger
[2025-05-31 05:47:04] Problematic SQL: CREATE TRIGGER auto_mark_old_notifications_read
BEFORE INSERT ON user_notifications
FOR EACH ROW
BEGIN
    -- Use a separate transaction to mark old notifications
    START TRANSACTION;
    
    UPDATE user_notifications 
    SET is_read = TRUE 
    WHERE user_id = NEW.user_id 
      AND is_read = FALSE 
      AND created_at < DATE_SUB(CURRENT_TIMESTAMP, INTERVAL 30 DAY)
    LIMIT 100;  -- Limit to prevent long-running updates
    
    COMMIT;
END;
[2025-05-31 05:47:04] Failed to create trigger: auto_mark_old_notifications_read
[2025-05-31 05:47:04] Exception creating TRIGGER populate_real_time_activity: Explicit or implicit commit is not allowed in stored function or trigger
[2025-05-31 05:47:04] Problematic SQL: CREATE TRIGGER populate_real_time_activity 
AFTER INSERT ON user_notifications
FOR EACH ROW
BEGIN
    -- Use a separate transaction to insert real-time activity
    START TRANSACTION;
    
    INSERT INTO real_time_activity (
        notification_id, 
        user_id, 
        type, 
        message, 
        room_name
    )
    SELECT 
        NEW.notification_id,
        NEW.user_id,
        NEW.type,
        NEW.message,
        (
            SELECT room_name 
            FROM rooms r
            JOIN booking b ON b.room_id = r.room_id
            WHERE b.book_id = NEW.booking_id
            LIMIT 1
        )
    ON DUPLICATE KEY UPDATE 
        type = NEW.type,
        message = NEW.message;
    
    COMMIT;
END;
[2025-05-31 05:47:04] Failed to create trigger: populate_real_time_activity
[2025-05-31 05:47:04] Successfully created TRIGGER notify_booking_success
[2025-05-31 05:47:04] Successfully created TRIGGER notify_booking_cancelled_by_student
[2025-05-31 05:47:05] Successfully created TRIGGER notify_booking_cancelled_by_admin
[2025-05-31 05:47:05] Successfully created TRIGGER notify_booking_no_show
[2025-05-31 05:47:05] Successfully created PROCEDURE cleanup_old_notifications
[2025-05-31 05:47:05] Successfully created PROCEDURE clear_real_time_activity
[2025-05-31 05:47:05] Skipped initial admin account insertion
[2025-05-31 05:47:05] Skipped initial rooms insertion
[2025-05-31 05:47:05] Database initialization flag created successfully at C:\xampp\htdocs\MedStudy-Space-System/database_initialized.flag
[2025-05-31 05:47:05] Some triggers failed to create. Check previous log entries.
[2025-05-31 05:47:05] Database initialization completed successfully
[2025-05-31 05:47:05] Database initialization completed successfully.
[2025-05-31 05:50:46] Force recreation is enabled. Forcing database reinitialization.
[2025-05-31 05:50:46] Database not initialized. Starting initialization process...
[2025-05-31 05:50:46] Exception creating TRIGGER auto_mark_old_notifications_read: Explicit or implicit commit is not allowed in stored function or trigger
[2025-05-31 05:50:46] Problematic SQL: CREATE TRIGGER auto_mark_old_notifications_read
BEFORE INSERT ON user_notifications
FOR EACH ROW
BEGIN
    -- Use a separate transaction to mark old notifications
    START TRANSACTION;
    
    UPDATE user_notifications 
    SET is_read = TRUE 
    WHERE user_id = NEW.user_id 
      AND is_read = FALSE 
      AND created_at < DATE_SUB(CURRENT_TIMESTAMP, INTERVAL 30 DAY)
    LIMIT 100;  -- Limit to prevent long-running updates
    
    COMMIT;
END;
[2025-05-31 05:50:46] Failed to create trigger: auto_mark_old_notifications_read
[2025-05-31 05:50:46] Exception creating TRIGGER populate_real_time_activity: Explicit or implicit commit is not allowed in stored function or trigger
[2025-05-31 05:50:46] Problematic SQL: CREATE TRIGGER populate_real_time_activity 
AFTER INSERT ON user_notifications
FOR EACH ROW
BEGIN
    -- Use a separate transaction to insert real-time activity
    START TRANSACTION;
    
    INSERT INTO real_time_activity (
        notification_id, 
        user_id, 
        type, 
        message, 
        room_name
    )
    SELECT 
        NEW.notification_id,
        NEW.user_id,
        NEW.type,
        NEW.message,
        (
            SELECT room_name 
            FROM rooms r
            JOIN booking b ON b.room_id = r.room_id
            WHERE b.book_id = NEW.booking_id
            LIMIT 1
        )
    ON DUPLICATE KEY UPDATE 
        type = NEW.type,
        message = NEW.message;
    
    COMMIT;
END;
[2025-05-31 05:50:46] Failed to create trigger: populate_real_time_activity
[2025-05-31 05:50:46] Successfully created TRIGGER notify_booking_success
[2025-05-31 05:50:46] Successfully created TRIGGER notify_booking_cancelled_by_student
[2025-05-31 05:50:47] Successfully created TRIGGER notify_booking_cancelled_by_admin
[2025-05-31 05:50:47] Successfully created TRIGGER notify_booking_no_show
[2025-05-31 05:50:47] Successfully created PROCEDURE cleanup_old_notifications
[2025-05-31 05:50:47] Successfully created PROCEDURE clear_real_time_activity
[2025-05-31 05:50:47] Skipped initial admin account insertion
[2025-05-31 05:50:47] Skipped initial rooms insertion
[2025-05-31 05:50:47] Database initialization flag created successfully at C:\xampp\htdocs\MedStudy-Space-System/database_initialized.flag
[2025-05-31 05:50:47] Some triggers failed to create. Check previous log entries.
[2025-05-31 05:50:47] Database initialization completed successfully
[2025-05-31 05:50:47] Database initialization completed successfully.
[2025-05-31 05:51:03] Force recreation is enabled. Forcing database reinitialization.
[2025-05-31 05:51:03] Database not initialized. Starting initialization process...
[2025-05-31 05:51:03] Exception creating TRIGGER auto_mark_old_notifications_read: Explicit or implicit commit is not allowed in stored function or trigger
[2025-05-31 05:51:03] Problematic SQL: CREATE TRIGGER auto_mark_old_notifications_read
BEFORE INSERT ON user_notifications
FOR EACH ROW
BEGIN
    -- Use a separate transaction to mark old notifications
    START TRANSACTION;
    
    UPDATE user_notifications 
    SET is_read = TRUE 
    WHERE user_id = NEW.user_id 
      AND is_read = FALSE 
      AND created_at < DATE_SUB(CURRENT_TIMESTAMP, INTERVAL 30 DAY)
    LIMIT 100;  -- Limit to prevent long-running updates
    
    COMMIT;
END;
[2025-05-31 05:51:03] Failed to create trigger: auto_mark_old_notifications_read
[2025-05-31 05:51:03] Exception creating TRIGGER populate_real_time_activity: Explicit or implicit commit is not allowed in stored function or trigger
[2025-05-31 05:51:03] Problematic SQL: CREATE TRIGGER populate_real_time_activity 
AFTER INSERT ON user_notifications
FOR EACH ROW
BEGIN
    -- Use a separate transaction to insert real-time activity
    START TRANSACTION;
    
    INSERT INTO real_time_activity (
        notification_id, 
        user_id, 
        type, 
        message, 
        room_name
    )
    SELECT 
        NEW.notification_id,
        NEW.user_id,
        NEW.type,
        NEW.message,
        (
            SELECT room_name 
            FROM rooms r
            JOIN booking b ON b.room_id = r.room_id
            WHERE b.book_id = NEW.booking_id
            LIMIT 1
        )
    ON DUPLICATE KEY UPDATE 
        type = NEW.type,
        message = NEW.message;
    
    COMMIT;
END;
[2025-05-31 05:51:03] Failed to create trigger: populate_real_time_activity
[2025-05-31 05:51:03] Successfully created TRIGGER notify_booking_success
[2025-05-31 05:51:03] Successfully created TRIGGER notify_booking_cancelled_by_student
[2025-05-31 05:51:03] Successfully created TRIGGER notify_booking_cancelled_by_admin
[2025-05-31 05:51:03] Successfully created TRIGGER notify_booking_no_show
[2025-05-31 05:51:03] Successfully created PROCEDURE cleanup_old_notifications
[2025-05-31 05:51:03] Successfully created PROCEDURE clear_real_time_activity
[2025-05-31 05:51:03] Skipped initial admin account insertion
[2025-05-31 05:51:03] Skipped initial rooms insertion
[2025-05-31 05:51:03] Database initialization flag created successfully at C:\xampp\htdocs\MedStudy-Space-System/database_initialized.flag
[2025-05-31 05:51:03] Some triggers failed to create. Check previous log entries.
[2025-05-31 05:51:03] Database initialization completed successfully
[2025-05-31 05:51:03] Database initialization completed successfully.
[2025-05-31 05:51:51] Force recreation is enabled. Forcing database reinitialization.
[2025-05-31 05:51:51] Database not initialized. Starting initialization process...
[2025-05-31 05:51:51] Exception creating TRIGGER auto_mark_old_notifications_read: Explicit or implicit commit is not allowed in stored function or trigger
[2025-05-31 05:51:51] Problematic SQL: CREATE TRIGGER auto_mark_old_notifications_read
BEFORE INSERT ON user_notifications
FOR EACH ROW
BEGIN
    -- Use a separate transaction to mark old notifications
    START TRANSACTION;
    
    UPDATE user_notifications 
    SET is_read = TRUE 
    WHERE user_id = NEW.user_id 
      AND is_read = FALSE 
      AND created_at < DATE_SUB(CURRENT_TIMESTAMP, INTERVAL 30 DAY)
    LIMIT 100;  -- Limit to prevent long-running updates
    
    COMMIT;
END;
[2025-05-31 05:51:51] Failed to create trigger: auto_mark_old_notifications_read
[2025-05-31 05:51:51] Exception creating TRIGGER populate_real_time_activity: Explicit or implicit commit is not allowed in stored function or trigger
[2025-05-31 05:51:51] Problematic SQL: CREATE TRIGGER populate_real_time_activity 
AFTER INSERT ON user_notifications
FOR EACH ROW
BEGIN
    -- Use a separate transaction to insert real-time activity
    START TRANSACTION;
    
    INSERT INTO real_time_activity (
        notification_id, 
        user_id, 
        type, 
        message, 
        room_name
    )
    SELECT 
        NEW.notification_id,
        NEW.user_id,
        NEW.type,
        NEW.message,
        (
            SELECT room_name 
            FROM rooms r
            JOIN booking b ON b.room_id = r.room_id
            WHERE b.book_id = NEW.booking_id
            LIMIT 1
        )
    ON DUPLICATE KEY UPDATE 
        type = NEW.type,
        message = NEW.message;
    
    COMMIT;
END;
[2025-05-31 05:51:51] Failed to create trigger: populate_real_time_activity
[2025-05-31 05:51:51] Successfully created TRIGGER notify_booking_success
[2025-05-31 05:51:51] Successfully created TRIGGER notify_booking_cancelled_by_student
[2025-05-31 05:51:51] Successfully created TRIGGER notify_booking_cancelled_by_admin
[2025-05-31 05:51:51] Successfully created TRIGGER notify_booking_no_show
[2025-05-31 05:51:51] Successfully created PROCEDURE cleanup_old_notifications
[2025-05-31 05:51:51] Successfully created PROCEDURE clear_real_time_activity
[2025-05-31 05:51:51] Skipped initial admin account insertion
[2025-05-31 05:51:51] Skipped initial rooms insertion
[2025-05-31 05:51:51] Database initialization flag created successfully at C:\xampp\htdocs\MedStudy-Space-System/database_initialized.flag
[2025-05-31 05:51:51] Some triggers failed to create. Check previous log entries.
[2025-05-31 05:51:51] Database initialization completed successfully
[2025-05-31 05:51:51] Database initialization completed successfully.
[2025-05-31 05:52:05] Force recreation is enabled. Forcing database reinitialization.
[2025-05-31 05:52:05] Database not initialized. Starting initialization process...
[2025-05-31 05:52:05] Exception creating TRIGGER auto_mark_old_notifications_read: Explicit or implicit commit is not allowed in stored function or trigger
[2025-05-31 05:52:05] Problematic SQL: CREATE TRIGGER auto_mark_old_notifications_read
BEFORE INSERT ON user_notifications
FOR EACH ROW
BEGIN
    -- Use a separate transaction to mark old notifications
    START TRANSACTION;
    
    UPDATE user_notifications 
    SET is_read = TRUE 
    WHERE user_id = NEW.user_id 
      AND is_read = FALSE 
      AND created_at < DATE_SUB(CURRENT_TIMESTAMP, INTERVAL 30 DAY)
    LIMIT 100;  -- Limit to prevent long-running updates
    
    COMMIT;
END;
[2025-05-31 05:52:05] Failed to create trigger: auto_mark_old_notifications_read
[2025-05-31 05:52:05] Exception creating TRIGGER populate_real_time_activity: Explicit or implicit commit is not allowed in stored function or trigger
[2025-05-31 05:52:05] Problematic SQL: CREATE TRIGGER populate_real_time_activity 
AFTER INSERT ON user_notifications
FOR EACH ROW
BEGIN
    -- Use a separate transaction to insert real-time activity
    START TRANSACTION;
    
    INSERT INTO real_time_activity (
        notification_id, 
        user_id, 
        type, 
        message, 
        room_name
    )
    SELECT 
        NEW.notification_id,
        NEW.user_id,
        NEW.type,
        NEW.message,
        (
            SELECT room_name 
            FROM rooms r
            JOIN booking b ON b.room_id = r.room_id
            WHERE b.book_id = NEW.booking_id
            LIMIT 1
        )
    ON DUPLICATE KEY UPDATE 
        type = NEW.type,
        message = NEW.message;
    
    COMMIT;
END;
[2025-05-31 05:52:05] Failed to create trigger: populate_real_time_activity
[2025-05-31 05:52:05] Successfully created TRIGGER notify_booking_success
[2025-05-31 05:52:05] Successfully created TRIGGER notify_booking_cancelled_by_student
[2025-05-31 05:52:05] Successfully created TRIGGER notify_booking_cancelled_by_admin
[2025-05-31 05:52:05] Successfully created TRIGGER notify_booking_no_show
[2025-05-31 05:52:05] Successfully created PROCEDURE cleanup_old_notifications
[2025-05-31 05:52:05] Successfully created PROCEDURE clear_real_time_activity
[2025-05-31 05:52:05] Skipped initial admin account insertion
[2025-05-31 05:52:05] Skipped initial rooms insertion
[2025-05-31 05:52:05] Database initialization flag created successfully at C:\xampp\htdocs\MedStudy-Space-System/database_initialized.flag
[2025-05-31 05:52:05] Some triggers failed to create. Check previous log entries.
[2025-05-31 05:52:05] Database initialization completed successfully
[2025-05-31 05:52:05] Database initialization completed successfully.
[2025-05-31 05:56:32] Force recreation is enabled. Forcing database reinitialization.
[2025-05-31 05:56:32] Database not initialized. Starting initialization process...
[2025-05-31 05:56:32] Exception creating TRIGGER auto_mark_old_notifications_read: Explicit or implicit commit is not allowed in stored function or trigger
[2025-05-31 05:56:32] Problematic SQL: CREATE TRIGGER auto_mark_old_notifications_read
BEFORE INSERT ON user_notifications
FOR EACH ROW
BEGIN
    -- Use a separate transaction to mark old notifications
    START TRANSACTION;
    
    UPDATE user_notifications 
    SET is_read = TRUE 
    WHERE user_id = NEW.user_id 
      AND is_read = FALSE 
      AND created_at < DATE_SUB(CURRENT_TIMESTAMP, INTERVAL 30 DAY)
    LIMIT 100;  -- Limit to prevent long-running updates
    
    COMMIT;
END;
[2025-05-31 05:56:32] Failed to create trigger: auto_mark_old_notifications_read
[2025-05-31 05:56:32] Exception creating TRIGGER populate_real_time_activity: Explicit or implicit commit is not allowed in stored function or trigger
[2025-05-31 05:56:32] Problematic SQL: CREATE TRIGGER populate_real_time_activity 
AFTER INSERT ON user_notifications
FOR EACH ROW
BEGIN
    -- Use a separate transaction to insert real-time activity
    START TRANSACTION;
    
    INSERT INTO real_time_activity (
        notification_id, 
        user_id, 
        type, 
        message, 
        room_name
    )
    SELECT 
        NEW.notification_id,
        NEW.user_id,
        NEW.type,
        NEW.message,
        (
            SELECT room_name 
            FROM rooms r
            JOIN booking b ON b.room_id = r.room_id
            WHERE b.book_id = NEW.booking_id
            LIMIT 1
        )
    ON DUPLICATE KEY UPDATE 
        type = NEW.type,
        message = NEW.message;
    
    COMMIT;
END;
[2025-05-31 05:56:32] Failed to create trigger: populate_real_time_activity
[2025-05-31 05:56:32] Exception creating TRIGGER notify_booking_success: You have an error in your SQL syntax; check the manual that corresponds to your MariaDB server version for the right syntax to use near 'DECLARE room_name VARCHAR(255) DEFAULT 'Unknown Room';
        DECLARE booki...' at line 14
[2025-05-31 05:56:32] Problematic SQL: CREATE TRIGGER notify_booking_success 
AFTER INSERT ON booking
FOR EACH ROW
BEGIN
    DECLARE existing_notification INT;
    
    -- Check if a notification already exists for this booking
    SELECT COUNT(*) INTO existing_notification
    FROM user_notifications
    WHERE booking_id = NEW.book_id AND type = 'booking_success';
    
    -- Only insert if no existing notification
    IF existing_notification = 0 THEN
        DECLARE room_name VARCHAR(255) DEFAULT 'Unknown Room';
        DECLARE booking_message VARCHAR(255) DEFAULT 'Room Booking Successful';
        
        -- Fetch room name for the notification, with fallback
        SELECT COALESCE(room_name, 'Unknown Room') INTO room_name 
        FROM rooms 
        WHERE room_id = NEW.room_id;
        
        -- Construct message with fallback
        SET booking_message = CONCAT('Room Booking Successful: ', room_name);
        
        -- Insert notification for booking success
        INSERT INTO user_notifications 
        (user_id, booking_id, type, message, additional_details)
        VALUES (
            NEW.user_id, 
            NEW.book_id, 
            'booking_success', 
            booking_message,
            CONCAT(
                'Date: ', COALESCE(DATE_FORMAT(NEW.booking_date, '%M %d, %Y'), 'Unknown Date'), 
                ' | Time: ', 
                COALESCE(DATE_FORMAT(NEW.start_time, '%h:%i %p'), 'Unknown Start'), 
                ' - ', 
                COALESCE(DATE_FORMAT(NEW.end_time, '%h:%i %p'), 'Unknown End')
            )
        );
    END IF;
END;
[2025-05-31 05:56:32] Failed to create trigger: notify_booking_success
[2025-05-31 05:56:32] Successfully created TRIGGER notify_booking_cancelled_by_student
[2025-05-31 05:56:32] Successfully created TRIGGER notify_booking_cancelled_by_admin
[2025-05-31 05:56:32] Successfully created TRIGGER notify_booking_no_show
[2025-05-31 05:56:32] Successfully created PROCEDURE cleanup_old_notifications
[2025-05-31 05:56:32] Successfully created PROCEDURE clear_real_time_activity
[2025-05-31 05:56:32] Skipped initial admin account insertion
[2025-05-31 05:56:32] Skipped initial rooms insertion
[2025-05-31 05:56:32] Database initialization flag created successfully at C:\xampp\htdocs\MedStudy-Space-System/database_initialized.flag
[2025-05-31 05:56:32] Some triggers failed to create. Check previous log entries.
[2025-05-31 05:56:32] Database initialization completed successfully
[2025-05-31 05:56:32] Database initialization completed successfully.
[2025-05-31 05:57:15] Force recreation is enabled. Forcing database reinitialization.
[2025-05-31 05:57:15] Database not initialized. Starting initialization process...
[2025-05-31 05:57:15] Exception creating TRIGGER auto_mark_old_notifications_read: Explicit or implicit commit is not allowed in stored function or trigger
[2025-05-31 05:57:15] Problematic SQL: CREATE TRIGGER auto_mark_old_notifications_read
BEFORE INSERT ON user_notifications
FOR EACH ROW
BEGIN
    -- Use a separate transaction to mark old notifications
    START TRANSACTION;
    
    UPDATE user_notifications 
    SET is_read = TRUE 
    WHERE user_id = NEW.user_id 
      AND is_read = FALSE 
      AND created_at < DATE_SUB(CURRENT_TIMESTAMP, INTERVAL 30 DAY)
    LIMIT 100;  -- Limit to prevent long-running updates
    
    COMMIT;
END;
[2025-05-31 05:57:15] Failed to create trigger: auto_mark_old_notifications_read
[2025-05-31 05:57:15] Exception creating TRIGGER populate_real_time_activity: Explicit or implicit commit is not allowed in stored function or trigger
[2025-05-31 05:57:15] Problematic SQL: CREATE TRIGGER populate_real_time_activity 
AFTER INSERT ON user_notifications
FOR EACH ROW
BEGIN
    -- Use a separate transaction to insert real-time activity
    START TRANSACTION;
    
    INSERT INTO real_time_activity (
        notification_id, 
        user_id, 
        type, 
        message, 
        room_name
    )
    SELECT 
        NEW.notification_id,
        NEW.user_id,
        NEW.type,
        NEW.message,
        (
            SELECT room_name 
            FROM rooms r
            JOIN booking b ON b.room_id = r.room_id
            WHERE b.book_id = NEW.booking_id
            LIMIT 1
        )
    ON DUPLICATE KEY UPDATE 
        type = NEW.type,
        message = NEW.message;
    
    COMMIT;
END;
[2025-05-31 05:57:15] Failed to create trigger: populate_real_time_activity
[2025-05-31 05:57:15] Exception creating TRIGGER notify_booking_success: You have an error in your SQL syntax; check the manual that corresponds to your MariaDB server version for the right syntax to use near 'DECLARE room_name VARCHAR(255) DEFAULT 'Unknown Room';
        DECLARE booki...' at line 14
[2025-05-31 05:57:15] Problematic SQL: CREATE TRIGGER notify_booking_success 
AFTER INSERT ON booking
FOR EACH ROW
BEGIN
    DECLARE existing_notification INT;
    
    -- Check if a notification already exists for this booking
    SELECT COUNT(*) INTO existing_notification
    FROM user_notifications
    WHERE booking_id = NEW.book_id AND type = 'booking_success';
    
    -- Only insert if no existing notification
    IF existing_notification = 0 THEN
        DECLARE room_name VARCHAR(255) DEFAULT 'Unknown Room';
        DECLARE booking_message VARCHAR(255) DEFAULT 'Room Booking Successful';
        
        -- Fetch room name for the notification, with fallback
        SELECT COALESCE(room_name, 'Unknown Room') INTO room_name 
        FROM rooms 
        WHERE room_id = NEW.room_id;
        
        -- Construct message with fallback
        SET booking_message = CONCAT('Room Booking Successful: ', room_name);
        
        -- Insert notification for booking success
        INSERT INTO user_notifications 
        (user_id, booking_id, type, message, additional_details)
        VALUES (
            NEW.user_id, 
            NEW.book_id, 
            'booking_success', 
            booking_message,
            CONCAT(
                'Date: ', COALESCE(DATE_FORMAT(NEW.booking_date, '%M %d, %Y'), 'Unknown Date'), 
                ' | Time: ', 
                COALESCE(DATE_FORMAT(NEW.start_time, '%h:%i %p'), 'Unknown Start'), 
                ' - ', 
                COALESCE(DATE_FORMAT(NEW.end_time, '%h:%i %p'), 'Unknown End')
            )
        );
    END IF;
END;
[2025-05-31 05:57:15] Failed to create trigger: notify_booking_success
[2025-05-31 05:57:15] Successfully created TRIGGER notify_booking_cancelled_by_student
[2025-05-31 05:57:15] Successfully created TRIGGER notify_booking_cancelled_by_admin
[2025-05-31 05:57:15] Successfully created TRIGGER notify_booking_no_show
[2025-05-31 05:57:16] Successfully created PROCEDURE cleanup_old_notifications
[2025-05-31 05:57:16] Successfully created PROCEDURE clear_real_time_activity
[2025-05-31 05:57:16] Skipped initial admin account insertion
[2025-05-31 05:57:16] Skipped initial rooms insertion
[2025-05-31 05:57:16] Database initialization flag created successfully at C:\xampp\htdocs\MedStudy-Space-System/database_initialized.flag
[2025-05-31 05:57:16] Some triggers failed to create. Check previous log entries.
[2025-05-31 05:57:16] Database initialization completed successfully
[2025-05-31 05:57:16] Database initialization completed successfully.
[2025-05-31 05:57:26] Force recreation is enabled. Forcing database reinitialization.
[2025-05-31 05:57:26] Database not initialized. Starting initialization process...
[2025-05-31 05:57:26] Exception creating TRIGGER auto_mark_old_notifications_read: Explicit or implicit commit is not allowed in stored function or trigger
[2025-05-31 05:57:26] Problematic SQL: CREATE TRIGGER auto_mark_old_notifications_read
BEFORE INSERT ON user_notifications
FOR EACH ROW
BEGIN
    -- Use a separate transaction to mark old notifications
    START TRANSACTION;
    
    UPDATE user_notifications 
    SET is_read = TRUE 
    WHERE user_id = NEW.user_id 
      AND is_read = FALSE 
      AND created_at < DATE_SUB(CURRENT_TIMESTAMP, INTERVAL 30 DAY)
    LIMIT 100;  -- Limit to prevent long-running updates
    
    COMMIT;
END;
[2025-05-31 05:57:26] Failed to create trigger: auto_mark_old_notifications_read
[2025-05-31 05:57:26] Exception creating TRIGGER populate_real_time_activity: Explicit or implicit commit is not allowed in stored function or trigger
[2025-05-31 05:57:26] Problematic SQL: CREATE TRIGGER populate_real_time_activity 
AFTER INSERT ON user_notifications
FOR EACH ROW
BEGIN
    -- Use a separate transaction to insert real-time activity
    START TRANSACTION;
    
    INSERT INTO real_time_activity (
        notification_id, 
        user_id, 
        type, 
        message, 
        room_name
    )
    SELECT 
        NEW.notification_id,
        NEW.user_id,
        NEW.type,
        NEW.message,
        (
            SELECT room_name 
            FROM rooms r
            JOIN booking b ON b.room_id = r.room_id
            WHERE b.book_id = NEW.booking_id
            LIMIT 1
        )
    ON DUPLICATE KEY UPDATE 
        type = NEW.type,
        message = NEW.message;
    
    COMMIT;
END;
[2025-05-31 05:57:26] Failed to create trigger: populate_real_time_activity
[2025-05-31 05:57:26] Exception creating TRIGGER notify_booking_success: You have an error in your SQL syntax; check the manual that corresponds to your MariaDB server version for the right syntax to use near 'DECLARE room_name VARCHAR(255) DEFAULT 'Unknown Room';
        DECLARE booki...' at line 14
[2025-05-31 05:57:26] Problematic SQL: CREATE TRIGGER notify_booking_success 
AFTER INSERT ON booking
FOR EACH ROW
BEGIN
    DECLARE existing_notification INT;
    
    -- Check if a notification already exists for this booking
    SELECT COUNT(*) INTO existing_notification
    FROM user_notifications
    WHERE booking_id = NEW.book_id AND type = 'booking_success';
    
    -- Only insert if no existing notification
    IF existing_notification = 0 THEN
        DECLARE room_name VARCHAR(255) DEFAULT 'Unknown Room';
        DECLARE booking_message VARCHAR(255) DEFAULT 'Room Booking Successful';
        
        -- Fetch room name for the notification, with fallback
        SELECT COALESCE(room_name, 'Unknown Room') INTO room_name 
        FROM rooms 
        WHERE room_id = NEW.room_id;
        
        -- Construct message with fallback
        SET booking_message = CONCAT('Room Booking Successful: ', room_name);
        
        -- Insert notification for booking success
        INSERT INTO user_notifications 
        (user_id, booking_id, type, message, additional_details)
        VALUES (
            NEW.user_id, 
            NEW.book_id, 
            'booking_success', 
            booking_message,
            CONCAT(
                'Date: ', COALESCE(DATE_FORMAT(NEW.booking_date, '%M %d, %Y'), 'Unknown Date'), 
                ' | Time: ', 
                COALESCE(DATE_FORMAT(NEW.start_time, '%h:%i %p'), 'Unknown Start'), 
                ' - ', 
                COALESCE(DATE_FORMAT(NEW.end_time, '%h:%i %p'), 'Unknown End')
            )
        );
    END IF;
END;
[2025-05-31 05:57:26] Failed to create trigger: notify_booking_success
[2025-05-31 05:57:26] Successfully created TRIGGER notify_booking_cancelled_by_student
[2025-05-31 05:57:26] Successfully created TRIGGER notify_booking_cancelled_by_admin
[2025-05-31 05:57:26] Successfully created TRIGGER notify_booking_no_show
[2025-05-31 05:57:26] Successfully created PROCEDURE cleanup_old_notifications
[2025-05-31 05:57:26] Successfully created PROCEDURE clear_real_time_activity
[2025-05-31 05:57:26] Skipped initial admin account insertion
[2025-05-31 05:57:26] Skipped initial rooms insertion
[2025-05-31 05:57:26] Database initialization flag created successfully at C:\xampp\htdocs\MedStudy-Space-System/database_initialized.flag
[2025-05-31 05:57:26] Some triggers failed to create. Check previous log entries.
[2025-05-31 05:57:26] Database initialization completed successfully
[2025-05-31 05:57:26] Database initialization completed successfully.
[2025-05-31 05:58:21] Force recreation is enabled. Forcing database reinitialization.
[2025-05-31 05:58:21] Database not initialized. Starting initialization process...
[2025-05-31 05:58:21] Exception creating TRIGGER auto_mark_old_notifications_read: Explicit or implicit commit is not allowed in stored function or trigger
[2025-05-31 05:58:21] Problematic SQL: CREATE TRIGGER auto_mark_old_notifications_read
BEFORE INSERT ON user_notifications
FOR EACH ROW
BEGIN
    -- Use a separate transaction to mark old notifications
    START TRANSACTION;
    
    UPDATE user_notifications 
    SET is_read = TRUE 
    WHERE user_id = NEW.user_id 
      AND is_read = FALSE 
      AND created_at < DATE_SUB(CURRENT_TIMESTAMP, INTERVAL 30 DAY)
    LIMIT 100;  -- Limit to prevent long-running updates
    
    COMMIT;
END;
[2025-05-31 05:58:21] Failed to create trigger: auto_mark_old_notifications_read
[2025-05-31 05:58:21] Exception creating TRIGGER populate_real_time_activity: Explicit or implicit commit is not allowed in stored function or trigger
[2025-05-31 05:58:21] Problematic SQL: CREATE TRIGGER populate_real_time_activity 
AFTER INSERT ON user_notifications
FOR EACH ROW
BEGIN
    -- Use a separate transaction to insert real-time activity
    START TRANSACTION;
    
    INSERT INTO real_time_activity (
        notification_id, 
        user_id, 
        type, 
        message, 
        room_name
    )
    SELECT 
        NEW.notification_id,
        NEW.user_id,
        NEW.type,
        NEW.message,
        (
            SELECT room_name 
            FROM rooms r
            JOIN booking b ON b.room_id = r.room_id
            WHERE b.book_id = NEW.booking_id
            LIMIT 1
        )
    ON DUPLICATE KEY UPDATE 
        type = NEW.type,
        message = NEW.message;
    
    COMMIT;
END;
[2025-05-31 05:58:21] Failed to create trigger: populate_real_time_activity
[2025-05-31 05:58:21] Exception creating TRIGGER notify_booking_success: You have an error in your SQL syntax; check the manual that corresponds to your MariaDB server version for the right syntax to use near 'DECLARE room_name VARCHAR(255) DEFAULT 'Unknown Room';
        DECLARE booki...' at line 14
[2025-05-31 05:58:21] Problematic SQL: CREATE TRIGGER notify_booking_success 
AFTER INSERT ON booking
FOR EACH ROW
BEGIN
    DECLARE existing_notification INT;
    
    -- Check if a notification already exists for this booking
    SELECT COUNT(*) INTO existing_notification
    FROM user_notifications
    WHERE booking_id = NEW.book_id AND type = 'booking_success';
    
    -- Only insert if no existing notification
    IF existing_notification = 0 THEN
        DECLARE room_name VARCHAR(255) DEFAULT 'Unknown Room';
        DECLARE booking_message VARCHAR(255) DEFAULT 'Room Booking Successful';
        
        -- Fetch room name for the notification, with fallback
        SELECT COALESCE(room_name, 'Unknown Room') INTO room_name 
        FROM rooms 
        WHERE room_id = NEW.room_id;
        
        -- Construct message with fallback
        SET booking_message = CONCAT('Room Booking Successful: ', room_name);
        
        -- Insert notification for booking success
        INSERT INTO user_notifications 
        (user_id, booking_id, type, message, additional_details)
        VALUES (
            NEW.user_id, 
            NEW.book_id, 
            'booking_success', 
            booking_message,
            CONCAT(
                'Date: ', COALESCE(DATE_FORMAT(NEW.booking_date, '%M %d, %Y'), 'Unknown Date'), 
                ' | Time: ', 
                COALESCE(DATE_FORMAT(NEW.start_time, '%h:%i %p'), 'Unknown Start'), 
                ' - ', 
                COALESCE(DATE_FORMAT(NEW.end_time, '%h:%i %p'), 'Unknown End')
            )
        );
    END IF;
END;
[2025-05-31 05:58:21] Failed to create trigger: notify_booking_success
[2025-05-31 05:58:21] Successfully created TRIGGER notify_booking_cancelled_by_student
[2025-05-31 05:58:21] Successfully created TRIGGER notify_booking_cancelled_by_admin
[2025-05-31 05:58:21] Successfully created TRIGGER notify_booking_no_show
[2025-05-31 05:58:21] Successfully created PROCEDURE cleanup_old_notifications
[2025-05-31 05:58:21] Successfully created PROCEDURE clear_real_time_activity
[2025-05-31 05:58:21] Skipped initial admin account insertion
[2025-05-31 05:58:21] Skipped initial rooms insertion
[2025-05-31 05:58:21] Database initialization flag created successfully at C:\xampp\htdocs\MedStudy-Space-System/database_initialized.flag
[2025-05-31 05:58:21] Some triggers failed to create. Check previous log entries.
[2025-05-31 05:58:21] Database initialization completed successfully
[2025-05-31 05:58:21] Database initialization completed successfully.
[2025-05-31 05:58:57] Force recreation is enabled. Forcing database reinitialization.
[2025-05-31 05:58:57] Database not initialized. Starting initialization process...
[2025-05-31 05:58:57] Exception creating TRIGGER auto_mark_old_notifications_read: Explicit or implicit commit is not allowed in stored function or trigger
[2025-05-31 05:58:57] Problematic SQL: CREATE TRIGGER auto_mark_old_notifications_read
BEFORE INSERT ON user_notifications
FOR EACH ROW
BEGIN
    -- Use a separate transaction to mark old notifications
    START TRANSACTION;
    
    UPDATE user_notifications 
    SET is_read = TRUE 
    WHERE user_id = NEW.user_id 
      AND is_read = FALSE 
      AND created_at < DATE_SUB(CURRENT_TIMESTAMP, INTERVAL 30 DAY)
    LIMIT 100;  -- Limit to prevent long-running updates
    
    COMMIT;
END;
[2025-05-31 05:58:57] Failed to create trigger: auto_mark_old_notifications_read
[2025-05-31 05:58:57] Exception creating TRIGGER populate_real_time_activity: Explicit or implicit commit is not allowed in stored function or trigger
[2025-05-31 05:58:57] Problematic SQL: CREATE TRIGGER populate_real_time_activity 
AFTER INSERT ON user_notifications
FOR EACH ROW
BEGIN
    -- Use a separate transaction to insert real-time activity
    START TRANSACTION;
    
    INSERT INTO real_time_activity (
        notification_id, 
        user_id, 
        type, 
        message, 
        room_name
    )
    SELECT 
        NEW.notification_id,
        NEW.user_id,
        NEW.type,
        NEW.message,
        (
            SELECT room_name 
            FROM rooms r
            JOIN booking b ON b.room_id = r.room_id
            WHERE b.book_id = NEW.booking_id
            LIMIT 1
        )
    ON DUPLICATE KEY UPDATE 
        type = NEW.type,
        message = NEW.message;
    
    COMMIT;
END;
[2025-05-31 05:58:57] Failed to create trigger: populate_real_time_activity
[2025-05-31 05:58:57] Exception creating TRIGGER notify_booking_success: You have an error in your SQL syntax; check the manual that corresponds to your MariaDB server version for the right syntax to use near 'DECLARE room_name VARCHAR(255) DEFAULT 'Unknown Room';
        DECLARE booki...' at line 14
[2025-05-31 05:58:57] Problematic SQL: CREATE TRIGGER notify_booking_success 
AFTER INSERT ON booking
FOR EACH ROW
BEGIN
    DECLARE existing_notification INT;
    
    -- Check if a notification already exists for this booking
    SELECT COUNT(*) INTO existing_notification
    FROM user_notifications
    WHERE booking_id = NEW.book_id AND type = 'booking_success';
    
    -- Only insert if no existing notification
    IF existing_notification = 0 THEN
        DECLARE room_name VARCHAR(255) DEFAULT 'Unknown Room';
        DECLARE booking_message VARCHAR(255) DEFAULT 'Room Booking Successful';
        
        -- Fetch room name for the notification, with fallback
        SELECT COALESCE(room_name, 'Unknown Room') INTO room_name 
        FROM rooms 
        WHERE room_id = NEW.room_id;
        
        -- Construct message with fallback
        SET booking_message = CONCAT('Room Booking Successful: ', room_name);
        
        -- Insert notification for booking success
        INSERT INTO user_notifications 
        (user_id, booking_id, type, message, additional_details)
        VALUES (
            NEW.user_id, 
            NEW.book_id, 
            'booking_success', 
            booking_message,
            CONCAT(
                'Date: ', COALESCE(DATE_FORMAT(NEW.booking_date, '%M %d, %Y'), 'Unknown Date'), 
                ' | Time: ', 
                COALESCE(DATE_FORMAT(NEW.start_time, '%h:%i %p'), 'Unknown Start'), 
                ' - ', 
                COALESCE(DATE_FORMAT(NEW.end_time, '%h:%i %p'), 'Unknown End')
            )
        );
    END IF;
END;
[2025-05-31 05:58:57] Failed to create trigger: notify_booking_success
[2025-05-31 05:58:57] Successfully created TRIGGER notify_booking_cancelled_by_student
[2025-05-31 05:58:57] Successfully created TRIGGER notify_booking_cancelled_by_admin
[2025-05-31 05:58:57] Successfully created TRIGGER notify_booking_no_show
[2025-05-31 05:58:57] Successfully created PROCEDURE cleanup_old_notifications
[2025-05-31 05:58:57] Successfully created PROCEDURE clear_real_time_activity
[2025-05-31 05:58:57] Skipped initial admin account insertion
[2025-05-31 05:58:57] Skipped initial rooms insertion
[2025-05-31 05:58:57] Database initialization flag created successfully at C:\xampp\htdocs\MedStudy-Space-System/database_initialized.flag
[2025-05-31 05:58:57] Some triggers failed to create. Check previous log entries.
[2025-05-31 05:58:57] Database initialization completed successfully
[2025-05-31 05:58:57] Database initialization completed successfully.
[2025-05-31 05:59:08] Force recreation is enabled. Forcing database reinitialization.
[2025-05-31 05:59:08] Database not initialized. Starting initialization process...
[2025-05-31 05:59:08] Exception creating TRIGGER auto_mark_old_notifications_read: Explicit or implicit commit is not allowed in stored function or trigger
[2025-05-31 05:59:08] Problematic SQL: CREATE TRIGGER auto_mark_old_notifications_read
BEFORE INSERT ON user_notifications
FOR EACH ROW
BEGIN
    -- Use a separate transaction to mark old notifications
    START TRANSACTION;
    
    UPDATE user_notifications 
    SET is_read = TRUE 
    WHERE user_id = NEW.user_id 
      AND is_read = FALSE 
      AND created_at < DATE_SUB(CURRENT_TIMESTAMP, INTERVAL 30 DAY)
    LIMIT 100;  -- Limit to prevent long-running updates
    
    COMMIT;
END;
[2025-05-31 05:59:08] Failed to create trigger: auto_mark_old_notifications_read
[2025-05-31 05:59:08] Exception creating TRIGGER populate_real_time_activity: Explicit or implicit commit is not allowed in stored function or trigger
[2025-05-31 05:59:08] Problematic SQL: CREATE TRIGGER populate_real_time_activity 
AFTER INSERT ON user_notifications
FOR EACH ROW
BEGIN
    -- Use a separate transaction to insert real-time activity
    START TRANSACTION;
    
    INSERT INTO real_time_activity (
        notification_id, 
        user_id, 
        type, 
        message, 
        room_name
    )
    SELECT 
        NEW.notification_id,
        NEW.user_id,
        NEW.type,
        NEW.message,
        (
            SELECT room_name 
            FROM rooms r
            JOIN booking b ON b.room_id = r.room_id
            WHERE b.book_id = NEW.booking_id
            LIMIT 1
        )
    ON DUPLICATE KEY UPDATE 
        type = NEW.type,
        message = NEW.message;
    
    COMMIT;
END;
[2025-05-31 05:59:08] Failed to create trigger: populate_real_time_activity
[2025-05-31 05:59:08] Exception creating TRIGGER notify_booking_success: You have an error in your SQL syntax; check the manual that corresponds to your MariaDB server version for the right syntax to use near 'DECLARE room_name VARCHAR(255) DEFAULT 'Unknown Room';
        DECLARE booki...' at line 14
[2025-05-31 05:59:08] Problematic SQL: CREATE TRIGGER notify_booking_success 
AFTER INSERT ON booking
FOR EACH ROW
BEGIN
    DECLARE existing_notification INT;
    
    -- Check if a notification already exists for this booking
    SELECT COUNT(*) INTO existing_notification
    FROM user_notifications
    WHERE booking_id = NEW.book_id AND type = 'booking_success';
    
    -- Only insert if no existing notification
    IF existing_notification = 0 THEN
        DECLARE room_name VARCHAR(255) DEFAULT 'Unknown Room';
        DECLARE booking_message VARCHAR(255) DEFAULT 'Room Booking Successful';
        
        -- Fetch room name for the notification, with fallback
        SELECT COALESCE(room_name, 'Unknown Room') INTO room_name 
        FROM rooms 
        WHERE room_id = NEW.room_id;
        
        -- Construct message with fallback
        SET booking_message = CONCAT('Room Booking Successful: ', room_name);
        
        -- Insert notification for booking success
        INSERT INTO user_notifications 
        (user_id, booking_id, type, message, additional_details)
        VALUES (
            NEW.user_id, 
            NEW.book_id, 
            'booking_success', 
            booking_message,
            CONCAT(
                'Date: ', COALESCE(DATE_FORMAT(NEW.booking_date, '%M %d, %Y'), 'Unknown Date'), 
                ' | Time: ', 
                COALESCE(DATE_FORMAT(NEW.start_time, '%h:%i %p'), 'Unknown Start'), 
                ' - ', 
                COALESCE(DATE_FORMAT(NEW.end_time, '%h:%i %p'), 'Unknown End')
            )
        );
    END IF;
END;
[2025-05-31 05:59:08] Failed to create trigger: notify_booking_success
[2025-05-31 05:59:08] Successfully created TRIGGER notify_booking_cancelled_by_student
[2025-05-31 05:59:08] Successfully created TRIGGER notify_booking_cancelled_by_admin
[2025-05-31 05:59:08] Successfully created TRIGGER notify_booking_no_show
[2025-05-31 05:59:08] Successfully created PROCEDURE cleanup_old_notifications
[2025-05-31 05:59:08] Successfully created PROCEDURE clear_real_time_activity
[2025-05-31 05:59:08] Skipped initial admin account insertion
[2025-05-31 05:59:08] Skipped initial rooms insertion
[2025-05-31 05:59:08] Database initialization flag created successfully at C:\xampp\htdocs\MedStudy-Space-System/database_initialized.flag
[2025-05-31 05:59:08] Some triggers failed to create. Check previous log entries.
[2025-05-31 05:59:08] Database initialization completed successfully
[2025-05-31 05:59:08] Database initialization completed successfully.
[2025-05-31 06:01:31] Force recreation is enabled. Forcing database reinitialization.
[2025-05-31 06:01:31] Database not initialized. Starting initialization process...
[2025-05-31 06:01:31] Exception creating TRIGGER auto_mark_old_notifications_read: Explicit or implicit commit is not allowed in stored function or trigger
[2025-05-31 06:01:31] Problematic SQL: CREATE TRIGGER auto_mark_old_notifications_read
BEFORE INSERT ON user_notifications
FOR EACH ROW
BEGIN
    -- Use a separate transaction to mark old notifications
    START TRANSACTION;
    
    UPDATE user_notifications 
    SET is_read = TRUE 
    WHERE user_id = NEW.user_id 
      AND is_read = FALSE 
      AND created_at < DATE_SUB(CURRENT_TIMESTAMP, INTERVAL 30 DAY)
    LIMIT 100;  -- Limit to prevent long-running updates
    
    COMMIT;
END;
[2025-05-31 06:01:31] Failed to create trigger: auto_mark_old_notifications_read
[2025-05-31 06:01:31] Exception creating TRIGGER populate_real_time_activity: Explicit or implicit commit is not allowed in stored function or trigger
[2025-05-31 06:01:31] Problematic SQL: CREATE TRIGGER populate_real_time_activity 
AFTER INSERT ON user_notifications
FOR EACH ROW
BEGIN
    -- Use a separate transaction to insert real-time activity
    START TRANSACTION;
    
    INSERT INTO real_time_activity (
        notification_id, 
        user_id, 
        type, 
        message, 
        room_name
    )
    SELECT 
        NEW.notification_id,
        NEW.user_id,
        NEW.type,
        NEW.message,
        (
            SELECT room_name 
            FROM rooms r
            JOIN booking b ON b.room_id = r.room_id
            WHERE b.book_id = NEW.booking_id
            LIMIT 1
        )
    ON DUPLICATE KEY UPDATE 
        type = NEW.type,
        message = NEW.message;
    
    COMMIT;
END;
[2025-05-31 06:01:31] Failed to create trigger: populate_real_time_activity
[2025-05-31 06:01:31] Successfully created TRIGGER notify_booking_success
[2025-05-31 06:01:31] Successfully created TRIGGER notify_booking_cancelled_by_student
[2025-05-31 06:01:31] Successfully created TRIGGER notify_booking_cancelled_by_admin
[2025-05-31 06:01:31] Successfully created TRIGGER notify_booking_no_show
[2025-05-31 06:01:31] Successfully created PROCEDURE cleanup_old_notifications
[2025-05-31 06:01:31] Successfully created PROCEDURE clear_real_time_activity
[2025-05-31 06:01:31] Skipped initial admin account insertion
[2025-05-31 06:01:31] Skipped initial rooms insertion
[2025-05-31 06:01:31] Database initialization flag created successfully at C:\xampp\htdocs\MedStudy-Space-System/database_initialized.flag
[2025-05-31 06:01:31] Some triggers failed to create. Check previous log entries.
[2025-05-31 06:01:31] Database initialization completed successfully
[2025-05-31 06:01:31] Database initialization completed successfully.
[2025-05-31 06:01:49] Force recreation is enabled. Forcing database reinitialization.
[2025-05-31 06:01:49] Database not initialized. Starting initialization process...
[2025-05-31 06:01:49] Exception creating TRIGGER auto_mark_old_notifications_read: Explicit or implicit commit is not allowed in stored function or trigger
[2025-05-31 06:01:49] Problematic SQL: CREATE TRIGGER auto_mark_old_notifications_read
BEFORE INSERT ON user_notifications
FOR EACH ROW
BEGIN
    -- Use a separate transaction to mark old notifications
    START TRANSACTION;
    
    UPDATE user_notifications 
    SET is_read = TRUE 
    WHERE user_id = NEW.user_id 
      AND is_read = FALSE 
      AND created_at < DATE_SUB(CURRENT_TIMESTAMP, INTERVAL 30 DAY)
    LIMIT 100;  -- Limit to prevent long-running updates
    
    COMMIT;
END;
[2025-05-31 06:01:49] Failed to create trigger: auto_mark_old_notifications_read
[2025-05-31 06:01:49] Exception creating TRIGGER populate_real_time_activity: Explicit or implicit commit is not allowed in stored function or trigger
[2025-05-31 06:01:49] Problematic SQL: CREATE TRIGGER populate_real_time_activity 
AFTER INSERT ON user_notifications
FOR EACH ROW
BEGIN
    -- Use a separate transaction to insert real-time activity
    START TRANSACTION;
    
    INSERT INTO real_time_activity (
        notification_id, 
        user_id, 
        type, 
        message, 
        room_name
    )
    SELECT 
        NEW.notification_id,
        NEW.user_id,
        NEW.type,
        NEW.message,
        (
            SELECT room_name 
            FROM rooms r
            JOIN booking b ON b.room_id = r.room_id
            WHERE b.book_id = NEW.booking_id
            LIMIT 1
        )
    ON DUPLICATE KEY UPDATE 
        type = NEW.type,
        message = NEW.message;
    
    COMMIT;
END;
[2025-05-31 06:01:49] Failed to create trigger: populate_real_time_activity
[2025-05-31 06:01:49] Successfully created TRIGGER notify_booking_success
[2025-05-31 06:01:49] Successfully created TRIGGER notify_booking_cancelled_by_student
[2025-05-31 06:01:49] Successfully created TRIGGER notify_booking_cancelled_by_admin
[2025-05-31 06:01:49] Successfully created TRIGGER notify_booking_no_show
[2025-05-31 06:01:49] Successfully created PROCEDURE cleanup_old_notifications
[2025-05-31 06:01:49] Successfully created PROCEDURE clear_real_time_activity
[2025-05-31 06:01:49] Skipped initial admin account insertion
[2025-05-31 06:01:49] Skipped initial rooms insertion
[2025-05-31 06:01:49] Database initialization flag created successfully at C:\xampp\htdocs\MedStudy-Space-System/database_initialized.flag
[2025-05-31 06:01:49] Some triggers failed to create. Check previous log entries.
[2025-05-31 06:01:49] Database initialization completed successfully
[2025-05-31 06:01:49] Database initialization completed successfully.
[2025-05-31 06:09:23] Force recreation is enabled. Forcing database reinitialization.
[2025-05-31 06:09:23] Database not initialized. Starting initialization process...
[2025-05-31 06:09:23] Exception creating TRIGGER auto_mark_old_notifications_read: Explicit or implicit commit is not allowed in stored function or trigger
[2025-05-31 06:09:23] Problematic SQL: CREATE TRIGGER auto_mark_old_notifications_read
BEFORE INSERT ON user_notifications
FOR EACH ROW
BEGIN
    -- Use a separate transaction to mark old notifications
    START TRANSACTION;
    
    UPDATE user_notifications 
    SET is_read = TRUE 
    WHERE user_id = NEW.user_id 
      AND is_read = FALSE 
      AND created_at < DATE_SUB(CURRENT_TIMESTAMP, INTERVAL 30 DAY)
    LIMIT 100;  -- Limit to prevent long-running updates
    
    COMMIT;
END;
[2025-05-31 06:09:23] Failed to create trigger: auto_mark_old_notifications_read
[2025-05-31 06:09:23] Exception creating TRIGGER populate_real_time_activity: Explicit or implicit commit is not allowed in stored function or trigger
[2025-05-31 06:09:23] Problematic SQL: CREATE TRIGGER populate_real_time_activity 
AFTER INSERT ON user_notifications
FOR EACH ROW
BEGIN
    -- Use a separate transaction to insert real-time activity
    START TRANSACTION;
    
    INSERT INTO real_time_activity (
        notification_id, 
        user_id, 
        type, 
        message, 
        room_name
    )
    SELECT 
        NEW.notification_id,
        NEW.user_id,
        NEW.type,
        NEW.message,
        (
            SELECT room_name 
            FROM rooms r
            JOIN booking b ON b.room_id = r.room_id
            WHERE b.book_id = NEW.booking_id
            LIMIT 1
        )
    ON DUPLICATE KEY UPDATE 
        type = NEW.type,
        message = NEW.message;
    
    COMMIT;
END;
[2025-05-31 06:09:23] Failed to create trigger: populate_real_time_activity
[2025-05-31 06:09:23] Successfully created TRIGGER notify_booking_success
[2025-05-31 06:09:23] Successfully created TRIGGER notify_booking_cancelled_by_student
[2025-05-31 06:09:23] Successfully created TRIGGER notify_booking_cancelled_by_admin
[2025-05-31 06:09:23] Successfully created TRIGGER notify_booking_no_show
[2025-05-31 06:09:23] Successfully created PROCEDURE cleanup_old_notifications
[2025-05-31 06:09:23] Successfully created PROCEDURE clear_real_time_activity
[2025-05-31 06:09:23] Skipped initial admin account insertion
[2025-05-31 06:09:23] Skipped initial rooms insertion
[2025-05-31 06:09:23] Database initialization flag created successfully at C:\xampp\htdocs\MedStudy-Space-System/database_initialized.flag
[2025-05-31 06:09:23] Some triggers failed to create. Check previous log entries.
[2025-05-31 06:09:23] Database initialization completed successfully
[2025-05-31 06:09:23] Database initialization completed successfully.
[2025-05-31 06:09:45] Force recreation is enabled. Forcing database reinitialization.
[2025-05-31 06:09:45] Database not initialized. Starting initialization process...
[2025-05-31 06:09:45] Exception creating TRIGGER auto_mark_old_notifications_read: Explicit or implicit commit is not allowed in stored function or trigger
[2025-05-31 06:09:45] Problematic SQL: CREATE TRIGGER auto_mark_old_notifications_read
BEFORE INSERT ON user_notifications
FOR EACH ROW
BEGIN
    -- Use a separate transaction to mark old notifications
    START TRANSACTION;
    
    UPDATE user_notifications 
    SET is_read = TRUE 
    WHERE user_id = NEW.user_id 
      AND is_read = FALSE 
      AND created_at < DATE_SUB(CURRENT_TIMESTAMP, INTERVAL 30 DAY)
    LIMIT 100;  -- Limit to prevent long-running updates
    
    COMMIT;
END;
[2025-05-31 06:09:45] Failed to create trigger: auto_mark_old_notifications_read
[2025-05-31 06:09:45] Exception creating TRIGGER populate_real_time_activity: Explicit or implicit commit is not allowed in stored function or trigger
[2025-05-31 06:09:45] Problematic SQL: CREATE TRIGGER populate_real_time_activity 
AFTER INSERT ON user_notifications
FOR EACH ROW
BEGIN
    -- Use a separate transaction to insert real-time activity
    START TRANSACTION;
    
    INSERT INTO real_time_activity (
        notification_id, 
        user_id, 
        type, 
        message, 
        room_name
    )
    SELECT 
        NEW.notification_id,
        NEW.user_id,
        NEW.type,
        NEW.message,
        (
            SELECT room_name 
            FROM rooms r
            JOIN booking b ON b.room_id = r.room_id
            WHERE b.book_id = NEW.booking_id
            LIMIT 1
        )
    ON DUPLICATE KEY UPDATE 
        type = NEW.type,
        message = NEW.message;
    
    COMMIT;
END;
[2025-05-31 06:09:45] Failed to create trigger: populate_real_time_activity
[2025-05-31 06:09:45] Successfully created TRIGGER notify_booking_success
[2025-05-31 06:09:45] Successfully created TRIGGER notify_booking_cancelled_by_student
[2025-05-31 06:09:45] Successfully created TRIGGER notify_booking_cancelled_by_admin
[2025-05-31 06:09:45] Successfully created TRIGGER notify_booking_no_show
[2025-05-31 06:09:45] Successfully created PROCEDURE cleanup_old_notifications
[2025-05-31 06:09:45] Successfully created PROCEDURE clear_real_time_activity
[2025-05-31 06:09:45] Skipped initial admin account insertion
[2025-05-31 06:09:45] Skipped initial rooms insertion
[2025-05-31 06:09:45] Database initialization flag created successfully at C:\xampp\htdocs\MedStudy-Space-System/database_initialized.flag
[2025-05-31 06:09:45] Some triggers failed to create. Check previous log entries.
[2025-05-31 06:09:45] Database initialization completed successfully
[2025-05-31 06:09:45] Database initialization completed successfully.
[2025-05-31 06:12:19] Force recreation is enabled. Forcing database reinitialization.
[2025-05-31 06:12:19] Database not initialized. Starting initialization process...
[2025-05-31 06:12:19] Exception creating TRIGGER auto_mark_old_notifications_read: Explicit or implicit commit is not allowed in stored function or trigger
[2025-05-31 06:12:19] Problematic SQL: CREATE TRIGGER auto_mark_old_notifications_read
BEFORE INSERT ON user_notifications
FOR EACH ROW
BEGIN
    -- Use a separate transaction to mark old notifications
    START TRANSACTION;
    
    UPDATE user_notifications 
    SET is_read = TRUE 
    WHERE user_id = NEW.user_id 
      AND is_read = FALSE 
      AND created_at < DATE_SUB(CURRENT_TIMESTAMP, INTERVAL 30 DAY)
    LIMIT 100;  -- Limit to prevent long-running updates
    
    COMMIT;
END;
[2025-05-31 06:12:19] Failed to create trigger: auto_mark_old_notifications_read
[2025-05-31 06:12:19] Exception creating TRIGGER populate_real_time_activity: Explicit or implicit commit is not allowed in stored function or trigger
[2025-05-31 06:12:19] Problematic SQL: CREATE TRIGGER populate_real_time_activity 
AFTER INSERT ON user_notifications
FOR EACH ROW
BEGIN
    -- Use a separate transaction to insert real-time activity
    START TRANSACTION;
    
    INSERT INTO real_time_activity (
        notification_id, 
        user_id, 
        type, 
        message, 
        room_name
    )
    SELECT 
        NEW.notification_id,
        NEW.user_id,
        NEW.type,
        NEW.message,
        (
            SELECT room_name 
            FROM rooms r
            JOIN booking b ON b.room_id = r.room_id
            WHERE b.book_id = NEW.booking_id
            LIMIT 1
        )
    ON DUPLICATE KEY UPDATE 
        type = NEW.type,
        message = NEW.message;
    
    COMMIT;
END;
[2025-05-31 06:12:19] Failed to create trigger: populate_real_time_activity
[2025-05-31 06:12:19] Successfully created TRIGGER notify_booking_success
[2025-05-31 06:12:19] Successfully created TRIGGER notify_booking_cancelled_by_student
[2025-05-31 06:12:19] Successfully created TRIGGER notify_booking_cancelled_by_admin
[2025-05-31 06:12:19] Successfully created TRIGGER notify_booking_no_show
[2025-05-31 06:12:19] Successfully created PROCEDURE cleanup_old_notifications
[2025-05-31 06:12:19] Successfully created PROCEDURE clear_real_time_activity
[2025-05-31 06:12:19] Skipped initial admin account insertion
[2025-05-31 06:12:19] Skipped initial rooms insertion
[2025-05-31 06:12:19] Database initialization flag created successfully at C:\xampp\htdocs\MedStudy-Space-System/database_initialized.flag
[2025-05-31 06:12:19] Some triggers failed to create. Check previous log entries.
[2025-05-31 06:12:19] Database initialization completed successfully
[2025-05-31 06:12:19] Database initialization completed successfully.
[2025-05-31 06:12:34] Force recreation is enabled. Forcing database reinitialization.
[2025-05-31 06:12:34] Database not initialized. Starting initialization process...
[2025-05-31 06:12:34] Exception creating TRIGGER auto_mark_old_notifications_read: Explicit or implicit commit is not allowed in stored function or trigger
[2025-05-31 06:12:34] Problematic SQL: CREATE TRIGGER auto_mark_old_notifications_read
BEFORE INSERT ON user_notifications
FOR EACH ROW
BEGIN
    -- Use a separate transaction to mark old notifications
    START TRANSACTION;
    
    UPDATE user_notifications 
    SET is_read = TRUE 
    WHERE user_id = NEW.user_id 
      AND is_read = FALSE 
      AND created_at < DATE_SUB(CURRENT_TIMESTAMP, INTERVAL 30 DAY)
    LIMIT 100;  -- Limit to prevent long-running updates
    
    COMMIT;
END;
[2025-05-31 06:12:34] Failed to create trigger: auto_mark_old_notifications_read
[2025-05-31 06:12:34] Exception creating TRIGGER populate_real_time_activity: Explicit or implicit commit is not allowed in stored function or trigger
[2025-05-31 06:12:34] Problematic SQL: CREATE TRIGGER populate_real_time_activity 
AFTER INSERT ON user_notifications
FOR EACH ROW
BEGIN
    -- Use a separate transaction to insert real-time activity
    START TRANSACTION;
    
    INSERT INTO real_time_activity (
        notification_id, 
        user_id, 
        type, 
        message, 
        room_name
    )
    SELECT 
        NEW.notification_id,
        NEW.user_id,
        NEW.type,
        NEW.message,
        (
            SELECT room_name 
            FROM rooms r
            JOIN booking b ON b.room_id = r.room_id
            WHERE b.book_id = NEW.booking_id
            LIMIT 1
        )
    ON DUPLICATE KEY UPDATE 
        type = NEW.type,
        message = NEW.message;
    
    COMMIT;
END;
[2025-05-31 06:12:34] Failed to create trigger: populate_real_time_activity
[2025-05-31 06:12:34] Successfully created TRIGGER notify_booking_success
[2025-05-31 06:12:34] Successfully created TRIGGER notify_booking_cancelled_by_student
[2025-05-31 06:12:34] Successfully created TRIGGER notify_booking_cancelled_by_admin
[2025-05-31 06:12:35] Successfully created TRIGGER notify_booking_no_show
[2025-05-31 06:12:35] Successfully created PROCEDURE cleanup_old_notifications
[2025-05-31 06:12:35] Successfully created PROCEDURE clear_real_time_activity
[2025-05-31 06:12:35] Skipped initial admin account insertion
[2025-05-31 06:12:35] Skipped initial rooms insertion
[2025-05-31 06:12:35] Database initialization flag created successfully at C:\xampp\htdocs\MedStudy-Space-System/database_initialized.flag
[2025-05-31 06:12:35] Some triggers failed to create. Check previous log entries.
[2025-05-31 06:12:35] Database initialization completed successfully
[2025-05-31 06:12:35] Database initialization completed successfully.
[2025-05-31 06:16:42] Force recreation is enabled. Forcing database reinitialization.
[2025-05-31 06:16:42] Database not initialized. Starting initialization process...
[2025-05-31 06:16:42] Exception creating TRIGGER auto_mark_old_notifications_read: Explicit or implicit commit is not allowed in stored function or trigger
[2025-05-31 06:16:42] Problematic SQL: CREATE TRIGGER auto_mark_old_notifications_read
BEFORE INSERT ON user_notifications
FOR EACH ROW
BEGIN
    -- Use a separate transaction to mark old notifications
    START TRANSACTION;
    
    UPDATE user_notifications 
    SET is_read = TRUE 
    WHERE user_id = NEW.user_id 
      AND is_read = FALSE 
      AND created_at < DATE_SUB(CURRENT_TIMESTAMP, INTERVAL 30 DAY)
    LIMIT 100;  -- Limit to prevent long-running updates
    
    COMMIT;
END;
[2025-05-31 06:16:42] Failed to create trigger: auto_mark_old_notifications_read
[2025-05-31 06:16:42] Exception creating TRIGGER populate_real_time_activity: Explicit or implicit commit is not allowed in stored function or trigger
[2025-05-31 06:16:42] Problematic SQL: CREATE TRIGGER populate_real_time_activity 
AFTER INSERT ON user_notifications
FOR EACH ROW
BEGIN
    -- Use a separate transaction to insert real-time activity
    START TRANSACTION;
    
    INSERT INTO real_time_activity (
        notification_id, 
        user_id, 
        type, 
        message, 
        room_name
    )
    SELECT 
        NEW.notification_id,
        NEW.user_id,
        NEW.type,
        NEW.message,
        (
            SELECT room_name 
            FROM rooms r
            JOIN booking b ON b.room_id = r.room_id
            WHERE b.book_id = NEW.booking_id
            LIMIT 1
        )
    ON DUPLICATE KEY UPDATE 
        type = NEW.type,
        message = NEW.message;
    
    COMMIT;
END;
[2025-05-31 06:16:42] Failed to create trigger: populate_real_time_activity
[2025-05-31 06:16:42] Successfully created TRIGGER notify_booking_success
[2025-05-31 06:16:42] Successfully created TRIGGER notify_booking_cancelled_by_student
[2025-05-31 06:16:42] Successfully created TRIGGER notify_booking_cancelled_by_admin
[2025-05-31 06:16:42] Successfully created TRIGGER notify_booking_no_show
[2025-05-31 06:16:42] Successfully created PROCEDURE cleanup_old_notifications
[2025-05-31 06:16:42] Successfully created PROCEDURE clear_real_time_activity
[2025-05-31 06:16:42] Skipped initial admin account insertion
[2025-05-31 06:16:42] Skipped initial rooms insertion
[2025-05-31 06:16:42] Database initialization flag created successfully at C:\xampp\htdocs\MedStudy-Space-System/database_initialized.flag
[2025-05-31 06:16:42] Some triggers failed to create. Check previous log entries.
[2025-05-31 06:16:42] Database initialization completed successfully
[2025-05-31 06:16:42] Database initialization completed successfully.
[2025-05-31 06:17:00] Force recreation is enabled. Forcing database reinitialization.
[2025-05-31 06:17:00] Database not initialized. Starting initialization process...
[2025-05-31 06:17:00] Exception creating TRIGGER auto_mark_old_notifications_read: Explicit or implicit commit is not allowed in stored function or trigger
[2025-05-31 06:17:00] Problematic SQL: CREATE TRIGGER auto_mark_old_notifications_read
BEFORE INSERT ON user_notifications
FOR EACH ROW
BEGIN
    -- Use a separate transaction to mark old notifications
    START TRANSACTION;
    
    UPDATE user_notifications 
    SET is_read = TRUE 
    WHERE user_id = NEW.user_id 
      AND is_read = FALSE 
      AND created_at < DATE_SUB(CURRENT_TIMESTAMP, INTERVAL 30 DAY)
    LIMIT 100;  -- Limit to prevent long-running updates
    
    COMMIT;
END;
[2025-05-31 06:17:00] Failed to create trigger: auto_mark_old_notifications_read
[2025-05-31 06:17:00] Exception creating TRIGGER populate_real_time_activity: Explicit or implicit commit is not allowed in stored function or trigger
[2025-05-31 06:17:00] Problematic SQL: CREATE TRIGGER populate_real_time_activity 
AFTER INSERT ON user_notifications
FOR EACH ROW
BEGIN
    -- Use a separate transaction to insert real-time activity
    START TRANSACTION;
    
    INSERT INTO real_time_activity (
        notification_id, 
        user_id, 
        type, 
        message, 
        room_name
    )
    SELECT 
        NEW.notification_id,
        NEW.user_id,
        NEW.type,
        NEW.message,
        (
            SELECT room_name 
            FROM rooms r
            JOIN booking b ON b.room_id = r.room_id
            WHERE b.book_id = NEW.booking_id
            LIMIT 1
        )
    ON DUPLICATE KEY UPDATE 
        type = NEW.type,
        message = NEW.message;
    
    COMMIT;
END;
[2025-05-31 06:17:00] Failed to create trigger: populate_real_time_activity
[2025-05-31 06:17:00] Successfully created TRIGGER notify_booking_success
[2025-05-31 06:17:00] Successfully created TRIGGER notify_booking_cancelled_by_student
[2025-05-31 06:17:00] Successfully created TRIGGER notify_booking_cancelled_by_admin
[2025-05-31 06:17:00] Successfully created TRIGGER notify_booking_no_show
[2025-05-31 06:17:00] Successfully created PROCEDURE cleanup_old_notifications
[2025-05-31 06:17:00] Successfully created PROCEDURE clear_real_time_activity
[2025-05-31 06:17:00] Skipped initial admin account insertion
[2025-05-31 06:17:00] Skipped initial rooms insertion
[2025-05-31 06:17:00] Database initialization flag created successfully at C:\xampp\htdocs\MedStudy-Space-System/database_initialized.flag
[2025-05-31 06:17:00] Some triggers failed to create. Check previous log entries.
[2025-05-31 06:17:00] Database initialization completed successfully
[2025-05-31 06:17:00] Database initialization completed successfully.
[2025-05-31 06:21:15] Force recreation is enabled. Forcing database reinitialization.
[2025-05-31 06:21:15] Database not initialized. Starting initialization process...
[2025-05-31 06:21:15] Exception creating TRIGGER auto_mark_old_notifications_read: Explicit or implicit commit is not allowed in stored function or trigger
[2025-05-31 06:21:15] Problematic SQL: CREATE TRIGGER auto_mark_old_notifications_read
BEFORE INSERT ON user_notifications
FOR EACH ROW
BEGIN
    -- Use a separate transaction to mark old notifications
    START TRANSACTION;
    
    UPDATE user_notifications 
    SET is_read = TRUE 
    WHERE user_id = NEW.user_id 
      AND is_read = FALSE 
      AND created_at < DATE_SUB(CURRENT_TIMESTAMP, INTERVAL 30 DAY)
    LIMIT 100;  -- Limit to prevent long-running updates
    
    COMMIT;
END;
[2025-05-31 06:21:15] Failed to create trigger: auto_mark_old_notifications_read
[2025-05-31 06:21:15] Exception creating TRIGGER populate_real_time_activity: Explicit or implicit commit is not allowed in stored function or trigger
[2025-05-31 06:21:15] Problematic SQL: CREATE TRIGGER populate_real_time_activity 
AFTER INSERT ON user_notifications
FOR EACH ROW
BEGIN
    -- Use a separate transaction to insert real-time activity
    START TRANSACTION;
    
    INSERT INTO real_time_activity (
        notification_id, 
        user_id, 
        type, 
        message, 
        room_name
    )
    SELECT 
        NEW.notification_id,
        NEW.user_id,
        NEW.type,
        NEW.message,
        (
            SELECT room_name 
            FROM rooms r
            JOIN booking b ON b.room_id = r.room_id
            WHERE b.book_id = NEW.booking_id
            LIMIT 1
        )
    ON DUPLICATE KEY UPDATE 
        type = NEW.type,
        message = NEW.message;
    
    COMMIT;
END;
[2025-05-31 06:21:15] Failed to create trigger: populate_real_time_activity
[2025-05-31 06:21:15] Successfully created TRIGGER notify_booking_success
[2025-05-31 06:21:15] Successfully created TRIGGER notify_booking_cancelled_by_student
[2025-05-31 06:21:15] Successfully created TRIGGER notify_booking_cancelled_by_admin
[2025-05-31 06:21:15] Successfully created TRIGGER notify_booking_no_show
[2025-05-31 06:21:15] Successfully created PROCEDURE cleanup_old_notifications
[2025-05-31 06:21:15] Successfully created PROCEDURE clear_real_time_activity
[2025-05-31 06:21:15] Skipped initial admin account insertion
[2025-05-31 06:21:15] Skipped initial rooms insertion
[2025-05-31 06:21:15] Database initialization flag created successfully at C:\xampp\htdocs\MedStudy-Space-System/database_initialized.flag
[2025-05-31 06:21:15] Some triggers failed to create. Check previous log entries.
[2025-05-31 06:21:15] Database initialization completed successfully
[2025-05-31 06:21:15] Database initialization completed successfully.
[2025-05-31 06:21:28] Force recreation is enabled. Forcing database reinitialization.
[2025-05-31 06:21:28] Database not initialized. Starting initialization process...
[2025-05-31 06:21:28] Exception creating TRIGGER auto_mark_old_notifications_read: Explicit or implicit commit is not allowed in stored function or trigger
[2025-05-31 06:21:28] Problematic SQL: CREATE TRIGGER auto_mark_old_notifications_read
BEFORE INSERT ON user_notifications
FOR EACH ROW
BEGIN
    -- Use a separate transaction to mark old notifications
    START TRANSACTION;
    
    UPDATE user_notifications 
    SET is_read = TRUE 
    WHERE user_id = NEW.user_id 
      AND is_read = FALSE 
      AND created_at < DATE_SUB(CURRENT_TIMESTAMP, INTERVAL 30 DAY)
    LIMIT 100;  -- Limit to prevent long-running updates
    
    COMMIT;
END;
[2025-05-31 06:21:28] Failed to create trigger: auto_mark_old_notifications_read
[2025-05-31 06:21:28] Exception creating TRIGGER populate_real_time_activity: Explicit or implicit commit is not allowed in stored function or trigger
[2025-05-31 06:21:28] Problematic SQL: CREATE TRIGGER populate_real_time_activity 
AFTER INSERT ON user_notifications
FOR EACH ROW
BEGIN
    -- Use a separate transaction to insert real-time activity
    START TRANSACTION;
    
    INSERT INTO real_time_activity (
        notification_id, 
        user_id, 
        type, 
        message, 
        room_name
    )
    SELECT 
        NEW.notification_id,
        NEW.user_id,
        NEW.type,
        NEW.message,
        (
            SELECT room_name 
            FROM rooms r
            JOIN booking b ON b.room_id = r.room_id
            WHERE b.book_id = NEW.booking_id
            LIMIT 1
        )
    ON DUPLICATE KEY UPDATE 
        type = NEW.type,
        message = NEW.message;
    
    COMMIT;
END;
[2025-05-31 06:21:28] Failed to create trigger: populate_real_time_activity
[2025-05-31 06:21:28] Successfully created TRIGGER notify_booking_success
[2025-05-31 06:21:28] Successfully created TRIGGER notify_booking_cancelled_by_student
[2025-05-31 06:21:28] Successfully created TRIGGER notify_booking_cancelled_by_admin
[2025-05-31 06:21:28] Successfully created TRIGGER notify_booking_no_show
[2025-05-31 06:21:28] Successfully created PROCEDURE cleanup_old_notifications
[2025-05-31 06:21:28] Successfully created PROCEDURE clear_real_time_activity
[2025-05-31 06:21:28] Skipped initial admin account insertion
[2025-05-31 06:21:28] Skipped initial rooms insertion
[2025-05-31 06:21:28] Database initialization flag created successfully at C:\xampp\htdocs\MedStudy-Space-System/database_initialized.flag
[2025-05-31 06:21:28] Some triggers failed to create. Check previous log entries.
[2025-05-31 06:21:28] Database initialization completed successfully
[2025-05-31 06:21:28] Database initialization completed successfully.
[2025-05-31 06:28:41] Force recreation is enabled. Forcing database reinitialization.
[2025-05-31 06:28:41] Database not initialized. Starting initialization process...
[2025-05-31 06:28:41] Exception creating TRIGGER auto_mark_old_notifications_read: Explicit or implicit commit is not allowed in stored function or trigger
[2025-05-31 06:28:41] Problematic SQL: CREATE TRIGGER auto_mark_old_notifications_read
BEFORE INSERT ON user_notifications
FOR EACH ROW
BEGIN
    -- Use a separate transaction to mark old notifications
    START TRANSACTION;
    
    UPDATE user_notifications 
    SET is_read = TRUE 
    WHERE user_id = NEW.user_id 
      AND is_read = FALSE 
      AND created_at < DATE_SUB(CURRENT_TIMESTAMP, INTERVAL 30 DAY)
    LIMIT 100;  -- Limit to prevent long-running updates
    
    COMMIT;
END;
[2025-05-31 06:28:41] Failed to create trigger: auto_mark_old_notifications_read
[2025-05-31 06:28:41] Exception creating TRIGGER populate_real_time_activity: Explicit or implicit commit is not allowed in stored function or trigger
[2025-05-31 06:28:41] Problematic SQL: CREATE TRIGGER populate_real_time_activity 
AFTER INSERT ON user_notifications
FOR EACH ROW
BEGIN
    -- Use a separate transaction to insert real-time activity
    START TRANSACTION;
    
    INSERT INTO real_time_activity (
        notification_id, 
        user_id, 
        type, 
        message, 
        room_name
    )
    SELECT 
        NEW.notification_id,
        NEW.user_id,
        NEW.type,
        NEW.message,
        (
            SELECT room_name 
            FROM rooms r
            JOIN booking b ON b.room_id = r.room_id
            WHERE b.book_id = NEW.booking_id
            LIMIT 1
        )
    ON DUPLICATE KEY UPDATE 
        type = NEW.type,
        message = NEW.message;
    
    COMMIT;
END;
[2025-05-31 06:28:41] Failed to create trigger: populate_real_time_activity
[2025-05-31 06:28:41] Successfully created TRIGGER notify_booking_success
[2025-05-31 06:28:41] Successfully created TRIGGER notify_booking_cancelled_by_student
[2025-05-31 06:28:41] Successfully created TRIGGER notify_booking_cancelled_by_admin
[2025-05-31 06:28:41] Successfully created TRIGGER notify_booking_no_show
[2025-05-31 06:28:41] Successfully created PROCEDURE cleanup_old_notifications
[2025-05-31 06:28:41] Successfully created PROCEDURE clear_real_time_activity
[2025-05-31 06:28:41] Skipped initial admin account insertion
[2025-05-31 06:28:41] Skipped initial rooms insertion
[2025-05-31 06:28:41] Database initialization flag created successfully at C:\xampp\htdocs\MedStudy-Space-System/database_initialized.flag
[2025-05-31 06:28:41] Some triggers failed to create. Check previous log entries.
[2025-05-31 06:28:41] Database initialization completed successfully
[2025-05-31 06:28:41] Database initialization completed successfully.
[2025-05-31 06:28:55] Force recreation is enabled. Forcing database reinitialization.
[2025-05-31 06:28:55] Database not initialized. Starting initialization process...
[2025-05-31 06:28:55] Exception creating TRIGGER auto_mark_old_notifications_read: Explicit or implicit commit is not allowed in stored function or trigger
[2025-05-31 06:28:55] Problematic SQL: CREATE TRIGGER auto_mark_old_notifications_read
BEFORE INSERT ON user_notifications
FOR EACH ROW
BEGIN
    -- Use a separate transaction to mark old notifications
    START TRANSACTION;
    
    UPDATE user_notifications 
    SET is_read = TRUE 
    WHERE user_id = NEW.user_id 
      AND is_read = FALSE 
      AND created_at < DATE_SUB(CURRENT_TIMESTAMP, INTERVAL 30 DAY)
    LIMIT 100;  -- Limit to prevent long-running updates
    
    COMMIT;
END;
[2025-05-31 06:28:55] Failed to create trigger: auto_mark_old_notifications_read
[2025-05-31 06:28:55] Exception creating TRIGGER populate_real_time_activity: Explicit or implicit commit is not allowed in stored function or trigger
[2025-05-31 06:28:55] Problematic SQL: CREATE TRIGGER populate_real_time_activity 
AFTER INSERT ON user_notifications
FOR EACH ROW
BEGIN
    -- Use a separate transaction to insert real-time activity
    START TRANSACTION;
    
    INSERT INTO real_time_activity (
        notification_id, 
        user_id, 
        type, 
        message, 
        room_name
    )
    SELECT 
        NEW.notification_id,
        NEW.user_id,
        NEW.type,
        NEW.message,
        (
            SELECT room_name 
            FROM rooms r
            JOIN booking b ON b.room_id = r.room_id
            WHERE b.book_id = NEW.booking_id
            LIMIT 1
        )
    ON DUPLICATE KEY UPDATE 
        type = NEW.type,
        message = NEW.message;
    
    COMMIT;
END;
[2025-05-31 06:28:55] Failed to create trigger: populate_real_time_activity
[2025-05-31 06:28:55] Successfully created TRIGGER notify_booking_success
[2025-05-31 06:28:55] Successfully created TRIGGER notify_booking_cancelled_by_student
[2025-05-31 06:28:55] Successfully created TRIGGER notify_booking_cancelled_by_admin
[2025-05-31 06:28:55] Successfully created TRIGGER notify_booking_no_show
[2025-05-31 06:28:55] Successfully created PROCEDURE cleanup_old_notifications
[2025-05-31 06:28:55] Successfully created PROCEDURE clear_real_time_activity
[2025-05-31 06:28:55] Skipped initial admin account insertion
[2025-05-31 06:28:55] Skipped initial rooms insertion
[2025-05-31 06:28:55] Database initialization flag created successfully at C:\xampp\htdocs\MedStudy-Space-System/database_initialized.flag
[2025-05-31 06:28:55] Some triggers failed to create. Check previous log entries.
[2025-05-31 06:28:55] Database initialization completed successfully
[2025-05-31 06:28:55] Database initialization completed successfully.
[2025-05-31 06:34:12] Force recreation is enabled. Forcing database reinitialization.
[2025-05-31 06:34:12] Database not initialized. Starting initialization process...
[2025-05-31 06:34:12] Exception creating TRIGGER auto_mark_old_notifications_read: Explicit or implicit commit is not allowed in stored function or trigger
[2025-05-31 06:34:12] Problematic SQL: CREATE TRIGGER auto_mark_old_notifications_read
BEFORE INSERT ON user_notifications
FOR EACH ROW
BEGIN
    -- Use a separate transaction to mark old notifications
    START TRANSACTION;
    
    UPDATE user_notifications 
    SET is_read = TRUE 
    WHERE user_id = NEW.user_id 
      AND is_read = FALSE 
      AND created_at < DATE_SUB(CURRENT_TIMESTAMP, INTERVAL 30 DAY)
    LIMIT 100;  -- Limit to prevent long-running updates
    
    COMMIT;
END;
[2025-05-31 06:34:12] Failed to create trigger: auto_mark_old_notifications_read
[2025-05-31 06:34:12] Successfully created TRIGGER populate_real_time_activity
[2025-05-31 06:34:12] Successfully created TRIGGER notify_booking_success
[2025-05-31 06:34:12] Successfully created TRIGGER notify_booking_cancelled_by_student
[2025-05-31 06:34:12] Successfully created TRIGGER notify_booking_cancelled_by_admin
[2025-05-31 06:34:12] Successfully created TRIGGER notify_booking_no_show
[2025-05-31 06:34:12] Successfully created PROCEDURE cleanup_old_notifications
[2025-05-31 06:34:12] Successfully created PROCEDURE clear_real_time_activity
[2025-05-31 06:34:12] Skipped initial admin account insertion
[2025-05-31 06:34:12] Skipped initial rooms insertion
[2025-05-31 06:34:12] Database initialization flag created successfully at C:\xampp\htdocs\MedStudy-Space-System/database_initialized.flag
[2025-05-31 06:34:12] Some triggers failed to create. Check previous log entries.
[2025-05-31 06:34:12] Database initialization completed successfully
[2025-05-31 06:34:12] Database initialization completed successfully.
[2025-05-31 06:34:54] Force recreation is enabled. Forcing database reinitialization.
[2025-05-31 06:34:54] Database not initialized. Starting initialization process...
[2025-05-31 06:34:54] Exception creating TRIGGER auto_mark_old_notifications_read: Explicit or implicit commit is not allowed in stored function or trigger
[2025-05-31 06:34:54] Problematic SQL: CREATE TRIGGER auto_mark_old_notifications_read
BEFORE INSERT ON user_notifications
FOR EACH ROW
BEGIN
    -- Use a separate transaction to mark old notifications
    START TRANSACTION;
    
    UPDATE user_notifications 
    SET is_read = TRUE 
    WHERE user_id = NEW.user_id 
      AND is_read = FALSE 
      AND created_at < DATE_SUB(CURRENT_TIMESTAMP, INTERVAL 30 DAY)
    LIMIT 100;  -- Limit to prevent long-running updates
    
    COMMIT;
END;
[2025-05-31 06:34:54] Failed to create trigger: auto_mark_old_notifications_read
[2025-05-31 06:34:54] Successfully created TRIGGER populate_real_time_activity
[2025-05-31 06:34:54] Successfully created TRIGGER notify_booking_success
[2025-05-31 06:34:54] Successfully created TRIGGER notify_booking_cancelled_by_student
[2025-05-31 06:34:54] Successfully created TRIGGER notify_booking_cancelled_by_admin
[2025-05-31 06:34:55] Successfully created TRIGGER notify_booking_no_show
[2025-05-31 06:34:55] Successfully created PROCEDURE cleanup_old_notifications
[2025-05-31 06:34:55] Successfully created PROCEDURE clear_real_time_activity
[2025-05-31 06:34:55] Skipped initial admin account insertion
[2025-05-31 06:34:55] Skipped initial rooms insertion
[2025-05-31 06:34:55] Database initialization flag created successfully at C:\xampp\htdocs\MedStudy-Space-System/database_initialized.flag
[2025-05-31 06:34:55] Some triggers failed to create. Check previous log entries.
[2025-05-31 06:34:55] Database initialization completed successfully
[2025-05-31 06:34:55] Database initialization completed successfully.
[2025-05-31 07:48:24] Force recreation is enabled. Forcing database reinitialization.
[2025-05-31 07:48:24] Database not initialized. Starting initialization process...
[2025-05-31 07:48:24] Exception creating TRIGGER auto_mark_old_notifications_read: Explicit or implicit commit is not allowed in stored function or trigger
[2025-05-31 07:48:24] Problematic SQL: CREATE TRIGGER auto_mark_old_notifications_read
BEFORE INSERT ON user_notifications
FOR EACH ROW
BEGIN
    -- Use a separate transaction to mark old notifications
    START TRANSACTION;
    
    UPDATE user_notifications 
    SET is_read = TRUE 
    WHERE user_id = NEW.user_id 
      AND is_read = FALSE 
      AND created_at < DATE_SUB(CURRENT_TIMESTAMP, INTERVAL 30 DAY)
    LIMIT 100;  -- Limit to prevent long-running updates
    
    COMMIT;
END;
[2025-05-31 07:48:24] Failed to create trigger: auto_mark_old_notifications_read
[2025-05-31 07:48:24] Successfully created TRIGGER populate_real_time_activity
[2025-05-31 07:48:24] Successfully created TRIGGER notify_booking_success
[2025-05-31 07:48:24] Successfully created TRIGGER notify_booking_cancelled_by_student
[2025-05-31 07:48:24] Successfully created TRIGGER notify_booking_cancelled_by_admin
[2025-05-31 07:48:24] Successfully created TRIGGER notify_booking_no_show
[2025-05-31 07:48:24] Successfully created PROCEDURE cleanup_old_notifications
[2025-05-31 07:48:24] Successfully created PROCEDURE clear_real_time_activity
[2025-05-31 07:48:24] Skipped initial admin account insertion
[2025-05-31 07:48:24] Skipped initial rooms insertion
[2025-05-31 07:48:24] Database initialization flag created successfully at C:\xampp\htdocs\MedStudy-Space-System/database_initialized.flag
[2025-05-31 07:48:24] Some triggers failed to create. Check previous log entries.
[2025-05-31 07:48:24] Database initialization completed successfully
[2025-05-31 07:48:24] Database initialization completed successfully.
[2025-05-31 07:48:34] Force recreation is enabled. Forcing database reinitialization.
[2025-05-31 07:48:34] Database not initialized. Starting initialization process...
[2025-05-31 07:48:34] Exception creating TRIGGER auto_mark_old_notifications_read: Explicit or implicit commit is not allowed in stored function or trigger
[2025-05-31 07:48:34] Problematic SQL: CREATE TRIGGER auto_mark_old_notifications_read
BEFORE INSERT ON user_notifications
FOR EACH ROW
BEGIN
    -- Use a separate transaction to mark old notifications
    START TRANSACTION;
    
    UPDATE user_notifications 
    SET is_read = TRUE 
    WHERE user_id = NEW.user_id 
      AND is_read = FALSE 
      AND created_at < DATE_SUB(CURRENT_TIMESTAMP, INTERVAL 30 DAY)
    LIMIT 100;  -- Limit to prevent long-running updates
    
    COMMIT;
END;
[2025-05-31 07:48:34] Failed to create trigger: auto_mark_old_notifications_read
[2025-05-31 07:48:34] Successfully created TRIGGER populate_real_time_activity
[2025-05-31 07:48:35] Successfully created TRIGGER notify_booking_success
[2025-05-31 07:48:35] Successfully created TRIGGER notify_booking_cancelled_by_student
[2025-05-31 07:48:35] Successfully created TRIGGER notify_booking_cancelled_by_admin
[2025-05-31 07:48:35] Successfully created TRIGGER notify_booking_no_show
[2025-05-31 07:48:35] Successfully created PROCEDURE cleanup_old_notifications
[2025-05-31 07:48:35] Successfully created PROCEDURE clear_real_time_activity
[2025-05-31 07:48:35] Skipped initial admin account insertion
[2025-05-31 07:48:35] Skipped initial rooms insertion
[2025-05-31 07:48:35] Database initialization flag created successfully at C:\xampp\htdocs\MedStudy-Space-System/database_initialized.flag
[2025-05-31 07:48:35] Some triggers failed to create. Check previous log entries.
[2025-05-31 07:48:35] Database initialization completed successfully
[2025-05-31 07:48:35] Database initialization completed successfully.
[2025-05-31 07:49:05] Force recreation is enabled. Forcing database reinitialization.
[2025-05-31 07:49:05] Database not initialized. Starting initialization process...
[2025-05-31 07:49:05] Exception creating TRIGGER auto_mark_old_notifications_read: Explicit or implicit commit is not allowed in stored function or trigger
[2025-05-31 07:49:05] Problematic SQL: CREATE TRIGGER auto_mark_old_notifications_read
BEFORE INSERT ON user_notifications
FOR EACH ROW
BEGIN
    -- Use a separate transaction to mark old notifications
    START TRANSACTION;
    
    UPDATE user_notifications 
    SET is_read = TRUE 
    WHERE user_id = NEW.user_id 
      AND is_read = FALSE 
      AND created_at < DATE_SUB(CURRENT_TIMESTAMP, INTERVAL 30 DAY)
    LIMIT 100;  -- Limit to prevent long-running updates
    
    COMMIT;
END;
[2025-05-31 07:49:05] Failed to create trigger: auto_mark_old_notifications_read
[2025-05-31 07:49:05] Successfully created TRIGGER populate_real_time_activity
[2025-05-31 07:49:05] Successfully created TRIGGER notify_booking_success
[2025-05-31 07:49:05] Successfully created TRIGGER notify_booking_cancelled_by_student
[2025-05-31 07:49:05] Successfully created TRIGGER notify_booking_cancelled_by_admin
[2025-05-31 07:49:05] Successfully created TRIGGER notify_booking_no_show
[2025-05-31 07:49:05] Successfully created PROCEDURE cleanup_old_notifications
[2025-05-31 07:49:05] Successfully created PROCEDURE clear_real_time_activity
[2025-05-31 07:49:05] Skipped initial admin account insertion
[2025-05-31 07:49:05] Skipped initial rooms insertion
[2025-05-31 07:49:05] Database initialization flag created successfully at C:\xampp\htdocs\MedStudy-Space-System/database_initialized.flag
[2025-05-31 07:49:05] Some triggers failed to create. Check previous log entries.
[2025-05-31 07:49:05] Database initialization completed successfully
[2025-05-31 07:49:05] Database initialization completed successfully.
[2025-05-31 07:49:15] Force recreation is enabled. Forcing database reinitialization.
[2025-05-31 07:49:15] Database not initialized. Starting initialization process...
[2025-05-31 07:49:15] Exception creating TRIGGER auto_mark_old_notifications_read: Explicit or implicit commit is not allowed in stored function or trigger
[2025-05-31 07:49:15] Problematic SQL: CREATE TRIGGER auto_mark_old_notifications_read
BEFORE INSERT ON user_notifications
FOR EACH ROW
BEGIN
    -- Use a separate transaction to mark old notifications
    START TRANSACTION;
    
    UPDATE user_notifications 
    SET is_read = TRUE 
    WHERE user_id = NEW.user_id 
      AND is_read = FALSE 
      AND created_at < DATE_SUB(CURRENT_TIMESTAMP, INTERVAL 30 DAY)
    LIMIT 100;  -- Limit to prevent long-running updates
    
    COMMIT;
END;
[2025-05-31 07:49:15] Failed to create trigger: auto_mark_old_notifications_read
[2025-05-31 07:49:15] Successfully created TRIGGER populate_real_time_activity
[2025-05-31 07:49:15] Successfully created TRIGGER notify_booking_success
[2025-05-31 07:49:15] Successfully created TRIGGER notify_booking_cancelled_by_student
[2025-05-31 07:49:15] Successfully created TRIGGER notify_booking_cancelled_by_admin
[2025-05-31 07:49:15] Successfully created TRIGGER notify_booking_no_show
[2025-05-31 07:49:15] Successfully created PROCEDURE cleanup_old_notifications
[2025-05-31 07:49:15] Successfully created PROCEDURE clear_real_time_activity
[2025-05-31 07:49:15] Skipped initial admin account insertion
[2025-05-31 07:49:15] Skipped initial rooms insertion
[2025-05-31 07:49:15] Database initialization flag created successfully at C:\xampp\htdocs\MedStudy-Space-System/database_initialized.flag
[2025-05-31 07:49:15] Some triggers failed to create. Check previous log entries.
[2025-05-31 07:49:15] Database initialization completed successfully
[2025-05-31 07:49:15] Database initialization completed successfully.
[2025-05-31 07:49:50] Force recreation is enabled. Forcing database reinitialization.
[2025-05-31 07:49:50] Database not initialized. Starting initialization process...
[2025-05-31 07:49:50] Exception creating TRIGGER auto_mark_old_notifications_read: Explicit or implicit commit is not allowed in stored function or trigger
[2025-05-31 07:49:50] Problematic SQL: CREATE TRIGGER auto_mark_old_notifications_read
BEFORE INSERT ON user_notifications
FOR EACH ROW
BEGIN
    -- Use a separate transaction to mark old notifications
    START TRANSACTION;
    
    UPDATE user_notifications 
    SET is_read = TRUE 
    WHERE user_id = NEW.user_id 
      AND is_read = FALSE 
      AND created_at < DATE_SUB(CURRENT_TIMESTAMP, INTERVAL 30 DAY)
    LIMIT 100;  -- Limit to prevent long-running updates
    
    COMMIT;
END;
[2025-05-31 07:49:50] Failed to create trigger: auto_mark_old_notifications_read
[2025-05-31 07:49:50] Successfully created TRIGGER populate_real_time_activity
[2025-05-31 07:49:50] Successfully created TRIGGER notify_booking_success
[2025-05-31 07:49:50] Successfully created TRIGGER notify_booking_cancelled_by_student
[2025-05-31 07:49:50] Successfully created TRIGGER notify_booking_cancelled_by_admin
[2025-05-31 07:49:50] Successfully created TRIGGER notify_booking_no_show
[2025-05-31 07:49:50] Successfully created PROCEDURE cleanup_old_notifications
[2025-05-31 07:49:50] Successfully created PROCEDURE clear_real_time_activity
[2025-05-31 07:49:50] Skipped initial admin account insertion
[2025-05-31 07:49:50] Skipped initial rooms insertion
[2025-05-31 07:49:50] Database initialization flag created successfully at C:\xampp\htdocs\MedStudy-Space-System/database_initialized.flag
[2025-05-31 07:49:50] Some triggers failed to create. Check previous log entries.
[2025-05-31 07:49:50] Database initialization completed successfully
[2025-05-31 07:49:50] Database initialization completed successfully.
